first_name,last_name,age,gender,email,city,state,country
Theresa,Fuller,30,Male,ydougherty@example.org,Port Samantha,California,Iraq
Michael,Smith,30,Other,zpoole@example.net,Port Kevin,South Carolina,Ecuador
Kimberly,Edwards,74,Other,earl20@example.org,Jeremyfort,South Carolina,Uruguay
Crystal,Wright,52,Female,fitzpatricktamara@example.com,Juliemouth,Montana,Svalbard & Jan Mayen Islands
Laurie,Gonzales,61,Male,catherine77@example.net,Lake Jenniferstad,Nevada,Antarctica (the territory South of 60 deg S)
Kristi,Mitchell,39,Female,vanessathomas@example.net,South Brentport,New Mexico,Fiji
Christina,Baxter,25,Female,daniel91@example.org,Curtisside,New Jersey,Guyana
Jacob,Anderson,77,Male,emily39@example.net,Nathanhaven,Michigan,Palau
Michael,Juarez,68,Other,heathercontreras@example.net,Zacharyberg,Washington,Tuvalu
Brenda,Wallace,19,Male,tbrown@example.com,West Caitlyn,West Virginia,Saudi Arabia
Gabriel,Franklin,79,Male,bowmanjeffrey@example.net,North Brandonbury,Delaware,Cuba
Gregory,Horton,59,Male,larasara@example.org,Lewisstad,Maryland,Andorra
Jared,Hunter,19,Female,sarahnguyen@example.com,Bakerhaven,Vermont,Switzerland
Joshua,Rivas,77,Female,robertkoch@example.org,Port Robertborough,Kentucky,Oman
Shane,Silva,32,Female,chungjeff@example.com,Rodriguezfort,Tennessee,Saint Kitts and Nevis
Rachel,Stephens,71,Female,scott58@example.org,Robertville,Alabama,Morocco
Destiny,Peterson,46,Other,mitchellkendra@example.net,West Jenniferberg,North Dakota,Indonesia
Robert,Ayala,48,Male,jorge66@example.net,Erinberg,Idaho,Equatorial Guinea
Julie,Collins,34,Male,zcastillo@example.net,West Cory,South Dakota,Thailand
Vincent,Esparza,57,Male,adamsanne@example.com,Trujillofort,Kansas,Austria
Dominique,Martinez,54,Male,deanjames@example.com,Lake Kevin,Oklahoma,Djibouti
Kristina,Singh,56,Male,maria29@example.net,West Claireview,Alaska,Swaziland
Carlos,Cain,63,Male,april81@example.com,Port Stevenberg,North Dakota,Korea
Albert,Murphy,49,Female,kbryan@example.net,Sabrinatown,North Dakota,Seychelles
Kathryn,Sellers,74,Female,tbaker@example.com,Port Phillip,Oregon,Grenada
Amanda,Potter,31,Male,veronica11@example.net,West Greg,South Dakota,Vanuatu
Heidi,Moore,28,Male,nathanjones@example.org,Fosterberg,Delaware,Nepal
Taylor,Gregory,41,Other,pam87@example.org,Youngfort,Alaska,Marshall Islands
Paul,Howard,80,Other,walljames@example.net,New Carlchester,Texas,Faroe Islands
Julia,Smith,40,Female,lwalker@example.org,West Paultown,Maryland,Slovakia (Slovak Republic)
Clinton,Salinas,33,Other,janetsmith@example.org,East Leslie,Arkansas,El Salvador
Hannah,Cisneros,80,Male,josesimpson@example.net,Rodriguezview,Illinois,Jordan
Damon,Anderson,44,Other,frazierrobert@example.net,North Diana,Iowa,Central African Republic
Brenda,Foster,20,Male,rebeccaclark@example.com,North Jaime,Oregon,French Guiana
Pamela,Harris,33,Other,johncarpenter@example.com,Port Gregory,Kentucky,Mongolia
Kristina,Gentry,66,Other,ufranco@example.net,Port Brandon,Ohio,Slovakia (Slovak Republic)
Maria,Hood,55,Male,smithdavid@example.org,West Jessicatown,Oklahoma,Brunei Darussalam
Cheryl,Lynch,76,Male,alexisbarker@example.org,North Laurenport,Connecticut,Cyprus
Lori,Robinson,42,Female,dawsonchris@example.org,Daleside,Minnesota,Holy See (Vatican City State)
Courtney,Gonzales,62,Female,bradleyshannon@example.com,Meyersborough,Idaho,French Guiana
Patrick,Parker,70,Other,evanstony@example.com,Davidsontown,Nebraska,Martinique
Wendy,Noble,64,Other,amcmillan@example.org,Stephaniehaven,South Carolina,Pitcairn Islands
Danielle,Cervantes,30,Other,robertyoung@example.org,Port Victoriafurt,Kansas,Hong Kong
Marissa,Hicks,40,Male,kevin94@example.net,New Laurenborough,Iowa,Mexico
Monica,Blake,60,Other,bushleslie@example.com,Turnertown,Oregon,Jordan
Anthony,Mcdaniel,27,Other,russobrian@example.net,Allenhaven,South Dakota,Bahamas
Sherry,Jackson,66,Female,bakercassandra@example.com,West Robertamouth,Hawaii,Dominica
Jessica,Thompson,66,Other,christophervazquez@example.net,West Tonyside,Maine,Kenya
Julie,Garcia,69,Other,tonybruce@example.net,New Angelaborough,West Virginia,Libyan Arab Jamahiriya
Benjamin,Barnett,77,Other,crobinson@example.net,Brendaborough,Delaware,Equatorial Guinea
Cory,Mitchell,75,Female,carolklein@example.net,Lake Stevenville,Iowa,Dominica
Amber,Miller,64,Other,carlos42@example.com,New Henryview,Rhode Island,Suriname
Melissa,Stanley,33,Other,tiffany59@example.net,Burkechester,Indiana,North Macedonia
Anthony,Lamb,27,Other,ahall@example.net,Port Dannyburgh,Idaho,Antarctica (the territory South of 60 deg S)
Debra,Mccoy,53,Female,eric73@example.org,Thomasburgh,Wyoming,Guinea
Rebecca,Byrd,21,Female,jerry54@example.net,East Jeremy,Arizona,Lithuania
Alexander,Williams,61,Other,perezdiana@example.net,West Tricia,New Jersey,French Southern Territories
Michael,Gonzalez,24,Female,livingstonjason@example.com,West Emilyfort,Maryland,Guinea
Tamara,Crosby,47,Female,brianbrown@example.com,South Benjamin,Wisconsin,Trinidad and Tobago
Michelle,Trujillo,37,Male,michaellopez@example.net,Ryanfort,Iowa,Monaco
Erika,Hale,47,Other,jennifer51@example.com,North Jennifer,Washington,Turks and Caicos Islands
Laura,Lindsey,77,Male,knightjohn@example.net,Smithburgh,California,United States of America
Kari,Shelton,38,Other,jeremymills@example.net,Port Ashley,New Jersey,Lao People's Democratic Republic
David,Newman,72,Male,cthomas@example.org,Josefort,Kentucky,Iraq
Jessica,Peck,44,Male,uadams@example.com,South Rachelburgh,Arkansas,Saudi Arabia
Charles,Trevino,51,Other,gabrielgoodman@example.net,New Tiffany,Idaho,Pitcairn Islands
Sarah,Johnson,68,Other,oliverjane@example.com,Jennyview,Pennsylvania,Dominica
Samuel,Santana,56,Male,john00@example.net,Lake Karenton,New Jersey,Ecuador
Travis,Taylor,56,Female,zacharyhill@example.org,Brendashire,Tennessee,Togo
Jim,Ward,38,Other,patrickskinner@example.net,Carolynport,Georgia,Guadeloupe
Sarah,Figueroa,37,Female,zsullivan@example.net,South Stephen,Virginia,Malawi
Jason,Phillips,50,Other,wrobertson@example.org,North Johnhaven,Rhode Island,Mauritius
Samantha,White,33,Other,qjohnson@example.net,Angelaburgh,Maryland,Italy
Susan,Turner,77,Male,eduardosullivan@example.net,South Anthonyshire,Rhode Island,Barbados
Anthony,Johnson,63,Male,martinezraymond@example.com,Crystalton,Connecticut,Niger
Cynthia,Erickson,45,Female,boothreginald@example.org,Richardmouth,Massachusetts,Eritrea
Brenda,Stanton,41,Female,andresloan@example.com,North Ericside,Michigan,Latvia
Susan,Martin,75,Other,steven87@example.net,Lake Jessicachester,Florida,Canada
Vicki,Novak,39,Other,scott13@example.org,Andrewtown,Wyoming,Mexico
Walter,Reynolds,43,Other,pcurry@example.com,New Jordan,Iowa,Belize
Charles,Ortiz,33,Female,alexander10@example.com,Port Gabriel,Tennessee,Swaziland
Danielle,Kim,70,Male,bartonjoanna@example.com,West Craig,Mississippi,French Polynesia
Kevin,Hogan,39,Other,alvarezdavid@example.com,Gonzalezmouth,Michigan,Armenia
Christian,Ho,60,Other,joseph06@example.net,South Dannymouth,Maryland,Togo
Cassandra,Sullivan,27,Male,wendy90@example.org,New Jessica,Maryland,Pitcairn Islands
Rachel,Fuentes,62,Male,xherring@example.com,Micheletown,Hawaii,Dominican Republic
Joseph,Cook,59,Male,michael29@example.net,North Raymondborough,North Dakota,Comoros
Brandy,Richardson,36,Other,charlesmckinney@example.org,Millerstad,Louisiana,Greenland
David,Williams,48,Female,campbellpeter@example.com,Morrisbury,Illinois,Somalia
Hayley,Lowe,30,Female,buchanandanielle@example.com,New Chad,Kentucky,Algeria
Lisa,Smith,39,Other,lawsonanthony@example.org,Toddburgh,Washington,Austria
Patricia,Marks,23,Other,elizabeth55@example.com,Port Marcusborough,Missouri,Guadeloupe
Jody,Phillips,50,Female,brandonrichard@example.com,West Adamland,Kentucky,Slovenia
Steven,Jones,43,Male,raymond34@example.net,Leblancstad,Tennessee,Singapore
Teresa,Robbins,37,Male,hclark@example.org,Myersborough,Montana,Croatia
April,Hayes,79,Female,cooperjustin@example.org,Michaelview,Massachusetts,Myanmar
William,Alexander,33,Female,harriscrystal@example.org,West Anthonyside,Maryland,Uruguay
Timothy,Brandt,72,Male,ysnyder@example.net,Curtisview,South Dakota,Barbados
Richard,Anderson,73,Other,chelsea84@example.net,North Rebeccaland,South Dakota,Armenia
Troy,Gill,59,Other,lorimckinney@example.org,North Jasonberg,Virginia,Nigeria
Christopher,Dawson,46,Female,cynthiachavez@example.com,South David,Florida,Korea
David,Carpenter,39,Other,njohnson@example.net,Walterborough,Rhode Island,Papua New Guinea
Peter,Dodson,67,Female,ostein@example.org,South James,Maryland,Mongolia
Gregory,Lee,24,Female,micheal62@example.net,New Elizabethchester,Florida,Jamaica
Scott,Scott,79,Male,denise61@example.com,Port Danielle,Wisconsin,Australia
Tracy,Hunt,66,Male,hannah98@example.net,West Adamshire,Rhode Island,Maldives
Hannah,Adams,76,Female,boyeraaron@example.com,Carlsonbury,Indiana,Norway
Charles,Robertson,21,Other,burkemichael@example.net,Pamelaton,Hawaii,Serbia
Judy,Friedman,24,Female,josephrichard@example.org,Port Laurachester,New Jersey,Ecuador
Lauren,Johnson,67,Other,ylynch@example.com,Crawfordside,Maryland,Cuba
Corey,Sheppard,30,Male,williamsbarbara@example.com,South Kylemouth,North Carolina,Tunisia
Angie,Johnson,59,Other,klinedwayne@example.net,Port Michael,Louisiana,Czech Republic
Krystal,Gray,75,Other,jeffery95@example.net,Justinfurt,Utah,Norway
Eric,Walls,63,Other,shepherddiana@example.com,New David,Florida,Cambodia
Tracy,Craig,77,Male,carol81@example.org,Thomashaven,Tennessee,Nauru
Kathleen,Reynolds,19,Other,lelliott@example.net,South Jeffery,Ohio,South Georgia and the South Sandwich Islands
Amanda,Guerra,18,Other,vking@example.org,West John,Ohio,Rwanda
William,Wilson,27,Other,mason88@example.org,Higginstown,South Dakota,Saint Pierre and Miquelon
Linda,Young,19,Other,ashley83@example.net,Wilsonfurt,Kentucky,Jordan
Jessica,Anthony,71,Female,roger21@example.net,New Anthonymouth,Washington,Congo
Anthony,Martinez,48,Female,aandrade@example.org,Ramirezton,Alaska,Pakistan
Deborah,Kennedy,48,Other,greentimothy@example.net,Maryfort,Rhode Island,United States Minor Outlying Islands
Cynthia,Lee,48,Male,christine62@example.org,Port Kimberly,California,Malta
Jose,Wilson,51,Other,carloswood@example.com,West Jonathan,Arizona,Bhutan
Victor,Thompson,29,Other,grossjudy@example.org,Suttonborough,Georgia,Spain
Richard,Walter,60,Male,colejones@example.org,Christopherside,Idaho,Sweden
Robin,Clarke,25,Female,lglenn@example.net,Danielshire,Wisconsin,Maldives
Sean,Cummings,53,Male,freed@example.com,Lake Jonathan,Virginia,Tuvalu
Joe,Dixon,24,Other,pamelahoffman@example.com,Kaylahaven,Hawaii,Jamaica
Thomas,Mann,65,Female,rmcdonald@example.org,Fergusontown,Idaho,Czech Republic
Danny,Boyer,55,Male,jonesmelvin@example.net,North Michelle,New Hampshire,Iran
Stephanie,Taylor,32,Female,samuel57@example.com,Lake Jeffreyview,Michigan,Dominica
Stacey,Taylor,72,Male,dawsonross@example.org,Tammyfurt,New Jersey,Guatemala
Jacqueline,Bennett,73,Other,jacquelinemedina@example.org,Margaretmouth,North Dakota,Liberia
Susan,Wright,19,Female,christopherlyons@example.net,Walkerside,Hawaii,Sudan
Jared,Luna,57,Female,xgonzalez@example.com,Lake Dwayne,Vermont,Cameroon
Douglas,Moore,20,Male,ryan17@example.com,New Laurastad,Nevada,Poland
Francisco,David,37,Female,kellerkimberly@example.com,New Jenniferchester,Minnesota,Azerbaijan
Jacob,Brooks,23,Male,drew08@example.org,Jordanchester,North Dakota,United States of America
Nicholas,Hopkins,36,Male,hernandezmatthew@example.com,Adamston,Illinois,Poland
Kimberly,Miller,63,Other,nashbobby@example.org,Connerport,Wyoming,Jordan
Julie,Walker,44,Male,zstafford@example.net,East Christine,Missouri,South Africa
Brian,Wiggins,43,Male,tdean@example.org,Dylanmouth,West Virginia,Morocco
Gary,Gray,57,Other,igarcia@example.com,West Thomasberg,Mississippi,Sudan
Beverly,Ellis,49,Male,wlindsey@example.org,Kingshire,Ohio,Faroe Islands
Jessica,Stewart,54,Other,blairalyssa@example.net,West Michaelfort,Missouri,Netherlands Antilles
Peter,Chavez,22,Other,kblair@example.com,Lake Lauratown,Minnesota,Portugal
Joseph,Brown,56,Other,philip63@example.com,Taraport,Mississippi,Guadeloupe
Lisa,Lowe,31,Other,davidnelson@example.org,South Michaelborough,Wisconsin,Solomon Islands
Rebecca,Kidd,30,Female,henry08@example.com,Port Thomasfort,Connecticut,French Polynesia
Alan,Adams,36,Female,evelyn74@example.org,Melaniemouth,Rhode Island,Slovenia
Ruth,Pittman,71,Other,cameron42@example.com,New Markburgh,Pennsylvania,Malawi
Amy,Wagner,47,Female,william72@example.net,West Timothyview,Hawaii,Slovakia (Slovak Republic)
Amy,Jones,67,Male,virginia85@example.com,West Christopher,Colorado,Austria
Kenneth,Carter,69,Other,kingtroy@example.com,Port Markville,Maine,Swaziland
Nathaniel,Walker,40,Other,shelbytaylor@example.com,Lake Jamesland,Arkansas,Uganda
Sabrina,Williams,53,Male,brianna40@example.com,North Anneview,Montana,Venezuela
Miguel,Lewis,55,Male,robinharris@example.org,Leachport,Alaska,Romania
Danny,Miller,20,Female,gregoryanthony@example.com,Danielmouth,Maryland,Costa Rica
William,Alvarez,69,Male,ygross@example.net,South Russell,New Jersey,Niue
Emily,Schneider,36,Female,daniel06@example.org,Lake Matthew,Iowa,Zambia
Michael,Sanchez,66,Male,harrisnathan@example.com,Rodriguezstad,Vermont,Argentina
James,Ramirez,46,Female,laurenjackson@example.com,New Anthonyburgh,Kentucky,Mexico
Nicole,Martin,31,Female,stanleyshannon@example.org,Dicksonburgh,Louisiana,Uzbekistan
Michael,Hale,76,Male,destinymcguire@example.org,Mitchellville,Delaware,Burundi
Sara,Blair,50,Female,michaelberry@example.net,Lake Tina,Mississippi,Wallis and Futuna
Christine,Smith,54,Female,smithlisa@example.org,New Edward,Pennsylvania,Cape Verde
Jill,Hays,38,Male,nnolan@example.org,Lake Michael,Texas,Montenegro
Jesse,Johnson,37,Other,ericwest@example.com,New Bradleytown,New Mexico,United States Virgin Islands
Karen,Wilson,39,Male,corey67@example.net,Duffytown,Utah,Norway
Brenda,Carey,34,Male,ashley50@example.com,North Danielberg,Washington,Switzerland
Megan,Clark,49,Other,pfisher@example.net,Thomasberg,Oregon,Norfolk Island
James,Hernandez,58,Other,jeffrey44@example.net,New Joshuaton,Missouri,Tonga
Angel,Evans,19,Female,tthompson@example.org,Jordanshire,Missouri,Qatar
Brenda,Moore,36,Male,ismith@example.com,Port Amyside,Georgia,Chile
Carl,Howe,61,Male,courtneykennedy@example.net,Port Stephanie,Illinois,Morocco
Cody,Jackson,36,Female,ogriffith@example.com,Melissaburgh,Hawaii,French Southern Territories
Heather,Schwartz,23,Male,toddmalone@example.net,Careybury,Wyoming,India
Kathryn,Parker,38,Male,brownmichael@example.org,Powellstad,Oregon,Mali
Jessica,James,57,Female,griffinjennifer@example.com,Aaronbury,Massachusetts,Jamaica
Monica,Holmes,21,Other,jacobmunoz@example.net,Laurafort,Kansas,Brunei Darussalam
John,Alvarez,41,Male,morenodiana@example.org,East William,Texas,Western Sahara
Chad,Kim,30,Female,daniel98@example.org,North Bradley,Oklahoma,Vietnam
Carol,Callahan,20,Other,zpark@example.org,New Paulport,New Mexico,Bosnia and Herzegovina
Debra,Thompson,31,Male,robbinsjacob@example.org,Masseyfort,Oregon,Reunion
David,Hamilton,50,Female,williamhughes@example.com,Lewisville,Georgia,Kenya
Dylan,Long,58,Male,mhall@example.net,Scottfurt,Alaska,Vietnam
Dennis,Herrera,59,Female,trujillobetty@example.org,Lake Brittanystad,Tennessee,Cameroon
Jennifer,Wilson,43,Male,priceelizabeth@example.net,Willieburgh,Kentucky,San Marino
William,Johnson,24,Male,lisajohnson@example.com,West Williamfurt,Illinois,Aruba
James,Clayton,60,Male,ejohnson@example.net,North Yolanda,Florida,Myanmar
Leah,Turner,45,Other,floresrenee@example.com,Lake Jaclyn,Indiana,El Salvador
Steven,Leonard,43,Female,walkeranthony@example.org,Port Jacobbury,New Jersey,Estonia
Sandra,Andrews,61,Male,misty42@example.org,West Taraton,Massachusetts,North Macedonia
Aaron,Hill,46,Female,wilsonmaria@example.net,Lake Kevin,Nevada,Croatia
Timothy,Compton,70,Female,robert49@example.net,Floydfort,West Virginia,Gabon
Andrea,Clark,52,Male,petersonconnie@example.net,Port Elizabeth,New Hampshire,Indonesia
George,Harris,36,Male,jeremystokes@example.org,Carlborough,California,Ethiopia
Jeanette,Perez,35,Other,millssteve@example.org,Lake Amberton,Ohio,Switzerland
Charles,Hernandez,20,Male,hatfieldkyle@example.net,Andersonland,Kentucky,Guatemala
Robin,Sullivan,40,Female,cole50@example.net,West Jesse,Nebraska,Puerto Rico
Christopher,Perry,65,Female,opowell@example.com,Port Timothyfort,Nevada,Liechtenstein
Andrew,Brown,77,Other,michael14@example.net,Michaelstad,Tennessee,Georgia
Eric,Ferrell,76,Male,donaldlopez@example.org,Christineville,Nebraska,Colombia
Jessica,Day,39,Male,sheltonleroy@example.net,Morrisonchester,Florida,Cameroon
William,Farmer,45,Male,christophergreen@example.net,West Scottshire,Maine,Peru
Patrick,Jackson,56,Other,seanbutler@example.com,Wilsonberg,Delaware,New Caledonia
Kelly,Armstrong,42,Female,rodriguezkeith@example.org,Lake Danastad,Oregon,British Indian Ocean Territory (Chagos Archipelago)
Amanda,Mayo,70,Female,tina61@example.net,Meganstad,Alabama,Holy See (Vatican City State)
Evan,Hester,41,Female,keithmiller@example.com,Port Michael,Wisconsin,French Polynesia
Brooke,Smith,70,Other,nealbrian@example.org,Lake Juan,Pennsylvania,Russian Federation
Caitlin,Cole,54,Female,bryantnicole@example.org,New Carolstad,Arkansas,Estonia
Cynthia,Lopez,76,Other,gardnerwilliam@example.org,New Roberthaven,Oregon,Vanuatu
Cheyenne,Brown,67,Male,garciajames@example.net,New Johnfort,Wisconsin,Somalia
Evan,Green,30,Male,craigsmith@example.org,Danielmouth,Illinois,Madagascar
Karen,Allen,53,Other,kevin41@example.net,Sarahview,Nevada,Kenya
Lucas,Thomas,39,Other,mark14@example.com,West Robertberg,New Mexico,Kuwait
David,Palmer,78,Other,sheri45@example.com,New Adrianaville,North Carolina,Madagascar
Ryan,Osborn,59,Male,sarah45@example.com,Amandafort,Arizona,Central African Republic
Courtney,Bailey,37,Male,richard66@example.net,Lake Joel,Kentucky,Vietnam
Misty,Fisher,68,Female,frederickhenry@example.com,Sanfordhaven,Mississippi,Spain
Suzanne,Espinoza,29,Male,dawsonrichard@example.com,Mooretown,Kentucky,Nauru
Darren,Powell,64,Other,mwilliams@example.net,West Jasmineview,Montana,Palau
Kaitlyn,Conway,74,Other,michael11@example.com,Port Jennifer,Missouri,Ukraine
Deanna,Andrews,31,Female,ryanperkins@example.com,Brownfurt,Idaho,Saint Kitts and Nevis
Anthony,Tapia,51,Other,sotomichaela@example.org,East Matthewfort,Michigan,Latvia
Jennifer,Mullins,33,Female,evelynturner@example.org,Patriciamouth,Texas,Anguilla
William,Garcia,49,Male,dpowers@example.org,Vanessastad,Massachusetts,North Macedonia
Monica,Carlson,59,Female,staylor@example.net,North Karen,Rhode Island,Uruguay
Bruce,Knox,34,Other,agarrison@example.net,Cervantesshire,Illinois,Greenland
Justin,Johnson,47,Female,david17@example.com,Cooperstad,Mississippi,Norway
Jonathan,Brennan,79,Other,rebeccastevens@example.org,South Heathershire,Texas,Netherlands Antilles
Kristin,Roberts,36,Male,earlwilkins@example.com,Allenland,Kentucky,Austria
Brandi,Gutierrez,77,Male,ksmith@example.net,Lake Catherine,Washington,Eritrea
John,Rosales,47,Other,lisa83@example.org,Harrisview,Kansas,Senegal
Austin,Woods,80,Other,astanley@example.com,Greenside,New York,Micronesia
Jeanette,Bentley,34,Female,don03@example.org,Jamesfurt,Virginia,Liberia
Destiny,Shields,76,Male,campbellmargaret@example.org,Perezberg,Illinois,Bermuda
Cindy,Gallegos,24,Other,sherryhines@example.net,Michealhaven,West Virginia,British Indian Ocean Territory (Chagos Archipelago)
Stanley,Gibson,53,Female,amy07@example.net,South Lorraineburgh,Kansas,Saint Lucia
Robin,Neal,45,Other,craig44@example.net,North Jamesfort,Idaho,Botswana
Sarah,Carlson,78,Female,melvin38@example.com,Robertside,Washington,Cook Islands
Victoria,Nguyen,75,Male,joshua97@example.com,North Blakechester,Georgia,Christmas Island
Anna,Jones,60,Female,alexis19@example.org,Hodgefurt,Illinois,Uganda
Tina,Schmidt,36,Other,andrewmyers@example.net,Phelpsberg,Delaware,Czech Republic
Elizabeth,Lin,31,Other,gloriagraham@example.net,West Donald,Nebraska,Mongolia
Mark,Walker,24,Male,shannonarmstrong@example.com,Andersonhaven,South Dakota,Azerbaijan
Douglas,Jimenez,67,Other,yangronald@example.org,Jeffreyview,New Hampshire,Iceland
Austin,Lee,76,Male,hayesfelicia@example.net,Whiteheadside,Massachusetts,Greenland
Heidi,Sellers,18,Male,tortega@example.net,Daltonborough,North Dakota,Sao Tome and Principe
Lori,Moore,29,Male,cody43@example.com,New Joshua,South Carolina,Georgia
Nathan,Coleman,28,Other,brianna72@example.com,South Keith,New Jersey,Portugal
Kimberly,Morris,57,Male,michael82@example.com,Woodview,Colorado,Pitcairn Islands
Jonathan,Peterson,35,Female,grodriguez@example.net,Bradfordchester,Wyoming,Russian Federation
Joseph,Doyle,47,Other,brenda46@example.org,Amandaview,Utah,Guinea
Erin,Delgado,20,Male,thomas87@example.com,East Tonya,Florida,Central African Republic
Cory,Carter,66,Female,lindsaymeza@example.org,Kristenton,Alaska,Turkey
Darren,Smith,77,Male,curtisporter@example.org,Kimberlytown,North Carolina,Anguilla
Debra,Dillon,78,Male,louiskim@example.net,New Terri,Texas,Malaysia
Linda,Santiago,67,Female,rhorne@example.com,Port Jill,Nevada,Morocco
Bobby,Martinez,60,Female,qrose@example.org,West Paulahaven,Colorado,Austria
Joshua,Kelly,57,Other,dcrawford@example.com,Camachoville,Idaho,Kyrgyz Republic
Justin,Obrien,67,Female,robert35@example.com,South Cindy,Texas,Pitcairn Islands
Alexandra,Stevens,49,Male,anthony02@example.com,Higginsland,Nebraska,Guam
Bryan,Walker,60,Other,gabriellehorton@example.net,Brownbury,Kansas,Dominican Republic
Joshua,Carter,51,Female,thompsonnatasha@example.net,Sanchezfurt,Maine,Guinea-Bissau
Sarah,Leach,20,Female,carriepierce@example.org,North George,Tennessee,Canada
Benjamin,Jackson,22,Male,emilydeleon@example.net,East Shawnmouth,South Dakota,Wallis and Futuna
John,Young,39,Other,jeremywong@example.org,Andrewstad,Indiana,Hong Kong
Jesus,Clark,33,Other,tanner87@example.org,Martinezton,Georgia,Cameroon
Wendy,Roberts,79,Male,mgomez@example.net,Port Davidville,West Virginia,Nauru
Crystal,Harris,79,Male,diana37@example.com,Castillostad,Mississippi,Palau
Joseph,Green,74,Female,kevingould@example.net,East Karenborough,Texas,Oman
Alexander,Rose,55,Other,jesse64@example.net,Juliefurt,Iowa,Saint Helena
Andrew,Hayes,60,Male,stacey22@example.com,South Bonnie,Florida,United States of America
Jeremy,Jones,54,Other,dmartinez@example.com,Port James,Virginia,Zimbabwe
Karen,Bird,59,Female,shawn81@example.com,Port Benjamintown,West Virginia,Samoa
Gabriella,Morris,56,Female,xmalone@example.org,Lopezville,Iowa,Cocos (Keeling) Islands
Teresa,Haley,43,Female,tgill@example.net,North Kaitlyn,Idaho,Comoros
Blake,Jones,51,Other,katie73@example.org,Williamsstad,Georgia,Greece
Elizabeth,Hernandez,52,Other,stacey77@example.org,Lake Henrymouth,Idaho,Lebanon
Patrick,Miller,63,Male,obarnett@example.net,North Nicholaschester,South Dakota,Vanuatu
Samuel,Fletcher,80,Other,sylviabest@example.org,Campbellhaven,Alaska,Kyrgyz Republic
Danny,Villa,20,Male,christy33@example.net,Gibsontown,Hawaii,Syrian Arab Republic
Colin,Miller,28,Male,lhayes@example.org,South Scottstad,Arizona,Vietnam
Rebecca,Ortiz,42,Male,gdawson@example.com,Emilyshire,Hawaii,Turks and Caicos Islands
Samantha,Phillips,53,Other,stephanie49@example.com,Lake Patrickton,Minnesota,Slovakia (Slovak Republic)
Julie,Silva,60,Male,swang@example.com,Kevinland,Nebraska,Macao
Kyle,Campos,30,Male,vboone@example.com,Lake Alexanderchester,Alabama,Eritrea
Jerry,Johnson,63,Other,brian00@example.com,Floydland,Michigan,Namibia
Maria,Jordan,61,Male,johnhardin@example.org,Angelatown,Oklahoma,Belgium
Benjamin,Anderson,33,Female,kellykelly@example.org,South Amymouth,Louisiana,Sweden
Mark,Hanson,44,Female,zharrell@example.net,Grayport,Maine,Northern Mariana Islands
Holly,Key,65,Other,tina44@example.org,New Andrebury,South Dakota,Indonesia
Tonya,Lynch,39,Other,obonilla@example.org,Jonathanfort,West Virginia,American Samoa
Joy,Harrison,42,Female,ihernandez@example.org,Jonesbury,Delaware,Hungary
Danielle,Fields,24,Male,erikawilliams@example.net,Dixonborough,Georgia,Heard Island and McDonald Islands
John,Johnson,18,Male,kjones@example.com,Michaelfurt,Wisconsin,Micronesia
Jasmine,Thomas,66,Other,johnmcfarland@example.com,Lake Deborah,Texas,Trinidad and Tobago
Jonathan,Spencer,61,Other,zwagner@example.org,Wilsonhaven,Pennsylvania,Macao
David,Hernandez,39,Other,daniel68@example.net,Jessicaton,North Carolina,Saint Helena
Scott,Jones,50,Male,brooke43@example.org,Timothymouth,New Mexico,Angola
Matthew,Jacobson,64,Female,bhayes@example.net,Adamburgh,Maine,Christmas Island
Darrell,Jackson,50,Male,lwhite@example.com,Jackmouth,Kentucky,Turkey
Rebecca,Clark,21,Male,umcgee@example.com,Donnaview,South Dakota,Lebanon
Robin,Ruiz,49,Male,garciaian@example.com,South Williambury,Virginia,India
Rhonda,Chase,67,Female,christopher85@example.org,North Aaronstad,Michigan,Sweden
Robert,Smith,71,Other,pmccarty@example.net,Port Amandachester,South Carolina,Korea
Lori,Moore,62,Female,phill@example.org,Littlehaven,New Hampshire,United States Virgin Islands
Samantha,Fields,28,Other,miawilliams@example.net,West Maryshire,New Hampshire,Germany
John,Williams,73,Other,marcia22@example.org,Garciaview,New York,Congo
Chelsea,Aguirre,30,Male,courtneymcdonald@example.net,Brownborough,North Dakota,Greece
Suzanne,Sherman,48,Other,vtorres@example.net,North Jeremyborough,New Hampshire,United Kingdom
Michael,Hunter,25,Other,sarahenglish@example.org,New Laura,Maryland,Netherlands
Catherine,Conrad,44,Male,jenniferzimmerman@example.com,Lindsayborough,California,Iceland
David,Hays,23,Female,jamesjamie@example.net,Doyletown,Arizona,Angola
Stephanie,Wilson,76,Female,aaroncarpenter@example.com,Michellebury,Nevada,Macao
Perry,Hall,30,Female,rebeccaramirez@example.net,Fishermouth,Michigan,Syrian Arab Republic
Jacqueline,Ellis,20,Other,smithdaniel@example.net,Port Edward,Mississippi,New Caledonia
John,Jones,20,Male,kellybarajas@example.org,Harperton,Colorado,Israel
Joseph,Thomas,25,Other,brownandrea@example.org,Christophertown,Ohio,Saint Lucia
Samuel,Graves,66,Other,wcarney@example.com,Smithshire,Georgia,United Arab Emirates
Daniel,Lee,48,Male,tara27@example.net,Port Deborahmouth,Arizona,Russian Federation
Sara,Reed,37,Other,obrown@example.net,Jeffreyfurt,Rhode Island,Georgia
Christopher,Underwood,45,Female,randymoore@example.org,Coxberg,Maine,New Zealand
Michael,Joseph,21,Other,churchmichael@example.net,Chelseaside,Maryland,Andorra
Craig,Baker,78,Male,dillonthomas@example.net,Lauraberg,Alaska,Mauritius
Linda,Weaver,41,Other,traci55@example.com,South Caitlin,Alaska,Philippines
Richard,Johnson,64,Other,uray@example.net,West Williamfurt,Texas,Equatorial Guinea
Teresa,Robbins,41,Other,pughmark@example.com,Christineton,Pennsylvania,Moldova
Jennifer,Bailey,35,Female,gerald32@example.org,North Kevinton,Mississippi,Saint Barthelemy
Karen,Huang,27,Female,adamswilliam@example.com,West Gabriella,West Virginia,American Samoa
Megan,Johnson,55,Female,rharmon@example.net,Robertburgh,Massachusetts,Liberia
Craig,Blake,48,Female,vdavis@example.org,Timothyville,Nebraska,Anguilla
Brian,Wilkins,22,Male,hendersonrebecca@example.com,New David,Utah,Cape Verde
Thomas,Sullivan,58,Male,sarahstevens@example.net,New Drewport,Oklahoma,Zimbabwe
Joshua,Jackson,40,Female,emilylee@example.org,Christinaland,California,Saudi Arabia
Theresa,Rios,59,Female,lisa74@example.org,East Jacqueline,Ohio,Philippines
Erik,Henry,58,Male,sergio35@example.com,Lake Mary,Rhode Island,Tajikistan
Whitney,Nielsen,79,Female,marioschwartz@example.net,North Michelle,Kansas,Cook Islands
David,Jackson,23,Male,jeremysharp@example.net,North Elizabethborough,New Mexico,Togo
Elizabeth,Mcclure,53,Female,carljones@example.com,West Heidichester,Alaska,Ghana
Valerie,Cruz,19,Male,madison69@example.net,New Nicholaschester,Connecticut,Saudi Arabia
Johnny,Castillo,33,Female,jennifergraham@example.com,Lake Stacyport,Hawaii,Australia
Brad,Davis,75,Male,mendozakyle@example.org,East Mark,Utah,France
Susan,Deleon,56,Male,claire59@example.com,Johnsonton,Texas,Ghana
Cassie,Yoder,55,Other,xmccarthy@example.net,Porterbury,Louisiana,Poland
Lee,Jordan,19,Male,ssmith@example.org,Kevinburgh,New Mexico,Gabon
Laura,Morrison,44,Male,john73@example.com,Kevinmouth,West Virginia,Egypt
April,Weaver,68,Female,jwyatt@example.org,Jaimetown,Wisconsin,Haiti
James,Baldwin,78,Male,lindsey34@example.net,Murrayton,Alabama,French Southern Territories
Michael,Delgado,37,Female,uroberts@example.net,Lake Adam,West Virginia,Montenegro
Sarah,Cantu,64,Male,pwoods@example.com,Jonesborough,Arizona,Pakistan
Austin,Thompson,49,Female,robinsonmary@example.net,Lake Josemouth,Ohio,Guinea-Bissau
Jose,Taylor,22,Other,rebeccawhite@example.com,Whiteland,Missouri,Honduras
Ronald,Chen,42,Other,eric34@example.com,Mccormickshire,California,Guatemala
Ashley,Russell,21,Male,kellypatrick@example.org,Hernandezview,South Carolina,British Indian Ocean Territory (Chagos Archipelago)
John,Walker,32,Female,aanderson@example.net,Rodriguezstad,Virginia,Nigeria
Ronald,Bailey,54,Male,cynthia05@example.com,East Lisa,Nebraska,Zambia
Michael,Martinez,43,Other,teresa01@example.net,Kevinmouth,Texas,Palau
Michael,Zavala,73,Other,wallstheresa@example.com,Scottberg,North Carolina,Madagascar
Shelby,Lara,31,Male,gregory62@example.com,South Laurenshire,Alabama,Congo
Ronnie,Chang,56,Male,jamesluna@example.net,Lake William,Arkansas,Dominican Republic
Connie,Watson,78,Other,nichole43@example.net,Vasquezburgh,Virginia,Rwanda
Todd,Harding,28,Male,fhatfield@example.org,New Matthew,Maryland,Myanmar
Renee,Edwards,79,Female,kennedynatalie@example.org,Lake Dustinchester,Missouri,Vietnam
Andrew,Hunt,58,Other,gbaker@example.org,Wilsonmouth,Oklahoma,Montserrat
Paul,Chang,42,Male,lewiskimberly@example.org,Lake Rebeccaberg,Kansas,Guinea
Ryan,Baird,35,Female,christopher71@example.org,Lake Lynn,Wyoming,Romania
Michael,Hunter,64,Other,mramos@example.com,Joneshaven,South Carolina,Norway
Michelle,Cooper,70,Male,stewartjason@example.org,North Charlesmouth,Florida,Rwanda
Alexandra,Gardner,38,Male,elizabethbrown@example.com,North Kellystad,Connecticut,Netherlands
Jessica,Medina,67,Male,amy76@example.net,Nguyenside,Connecticut,Monaco
Michael,Chapman,24,Female,fsmith@example.net,Huberside,Maryland,Thailand
Brianna,Baker,38,Other,faithflynn@example.com,South Francisco,Vermont,Uzbekistan
Terri,Aguilar,24,Male,newtonanthony@example.net,North Jessica,Mississippi,Djibouti
Cathy,Gregory,65,Female,harmstrong@example.com,Morganhaven,Michigan,Cook Islands
Kevin,Ortiz,64,Male,drussell@example.org,North Courtneyborough,Indiana,Finland
Michael,Moore,58,Other,jeffrey22@example.net,Hillmouth,Minnesota,Bosnia and Herzegovina
Andrea,Moore,64,Other,annetteadams@example.org,New Markstad,New Hampshire,South Africa
Kathryn,Brown,33,Other,lindacarroll@example.org,East Mckenziestad,Minnesota,Cocos (Keeling) Islands
Elizabeth,Pittman,27,Female,tiffanywilliams@example.com,Susanstad,Wyoming,Nauru
Anthony,Kane,40,Male,ericamiller@example.org,Lake Thomas,Florida,United Arab Emirates
Yvonne,King,33,Male,matthew83@example.org,Aaronside,Arizona,Vietnam
Kimberly,Wilson,49,Male,ddaniels@example.net,New Joshuamouth,North Dakota,Guyana
Neil,Smith,47,Male,luiscunningham@example.com,Ryanfurt,Pennsylvania,Indonesia
Leslie,Sandoval,21,Female,debra26@example.org,Port Gregorymouth,South Carolina,Latvia
Colleen,Hendricks,22,Male,kennethmedina@example.com,West Alexis,Michigan,Suriname
John,Barry,36,Other,uwoodward@example.org,Blackland,New York,Papua New Guinea
Amber,Marshall,22,Female,brad30@example.com,Port Alison,Tennessee,Korea
Christina,Morgan,59,Other,markwillis@example.com,West Johnburgh,Alaska,Latvia
Derrick,Ramirez,40,Male,melissadominguez@example.net,Michaelhaven,North Carolina,Croatia
Kelly,Montes,44,Male,george42@example.org,Andrewburgh,Alabama,Ukraine
Brittany,Johnston,28,Female,yanderson@example.org,Gibsonhaven,Mississippi,Saint Lucia
Christina,Wilson,36,Male,brenda46@example.org,Jonesport,Alabama,Gambia
Teresa,Johnson,64,Male,heatherlamb@example.org,Gregoryland,Wisconsin,Saint Helena
Elizabeth,Patrick,19,Other,helen76@example.com,Lake Veronica,Texas,Portugal
Erica,Horne,51,Female,michele07@example.com,Adamsmouth,Illinois,Austria
Gary,Rowe,33,Female,mmcguire@example.com,Carlsonchester,North Dakota,Brazil
Kelsey,Jones,25,Female,joshuahall@example.net,West Anthonystad,New Mexico,Libyan Arab Jamahiriya
Tina,Friedman,20,Other,crystalfrost@example.org,Jessicaburgh,South Carolina,Egypt
Elizabeth,Carpenter,20,Other,richardsontammy@example.com,Michaelchester,California,Cyprus
Katie,Sosa,70,Female,robert77@example.org,Perezbury,Missouri,Guyana
Larry,Reyes,27,Male,john71@example.net,New Michelleport,Michigan,Zimbabwe
William,Velasquez,19,Other,qhoover@example.com,West Anthony,Arkansas,Oman
Michael,Hoover,51,Other,christopher05@example.net,New Bobbytown,Vermont,Bermuda
Daniel,Craig,64,Other,billyroach@example.com,Scotthaven,New Jersey,Germany
Michelle,Rodriguez,55,Male,tracy06@example.org,North Henryville,Indiana,Ghana
Carolyn,Wallace,75,Other,piercekathy@example.com,Ericmouth,Wisconsin,Sweden
Amanda,Smith,78,Female,obrienaaron@example.net,Natalieside,Oklahoma,Guinea
Justin,Horton,63,Female,yupatrick@example.net,Port Audreyland,Hawaii,Aruba
Frank,Cummings,66,Male,rgonzalez@example.com,Port Taylorburgh,Connecticut,Eritrea
Marcus,Luna,30,Male,conradbrandon@example.com,Richardton,Alabama,Philippines
Sarah,Brown,29,Female,jasmine43@example.org,West Andrewland,California,Taiwan
Kathy,Kennedy,34,Male,kelly50@example.com,Port Sonyaburgh,Nebraska,Indonesia
Michael,Gonzalez,32,Female,kimberlyochoa@example.com,Gregoryberg,Vermont,Colombia
Dustin,Hicks,24,Other,spencer19@example.net,New Sarah,New Hampshire,Paraguay
Jonathan,Morris,18,Male,ryan62@example.net,Port Carlos,Wyoming,Guadeloupe
Kenneth,Marquez,45,Female,jjames@example.net,Sherriview,Arkansas,United Arab Emirates
Mark,Wood,64,Female,eugeneowens@example.net,Tiffanyfurt,Tennessee,Uruguay
Maureen,Horn,41,Female,paul60@example.org,Davidbury,Washington,Dominican Republic
Brian,Peterson,49,Male,rogerscassandra@example.com,Lake Matthewton,Oregon,Eritrea
Michael,Reed,24,Female,kdennis@example.org,Hopkinsfurt,Washington,Seychelles
Ariel,Terry,22,Other,peterturner@example.org,North Rodneyview,Ohio,Japan
Vanessa,Walker,54,Male,gregorybarnes@example.com,South Nicholasstad,Virginia,Jersey
Amy,Browning,25,Female,amanda47@example.com,South Robertshire,South Dakota,Mexico
Jessica,Jackson,55,Male,johnwinters@example.org,Lopezville,Nevada,Turks and Caicos Islands
Travis,Robbins,65,Other,zlopez@example.org,South Sarahfort,South Dakota,Palestinian Territory
Kristin,Oconnell,60,Other,daisy75@example.org,Port Yolanda,Nevada,Aruba
Jeff,Long,76,Other,carlsonchad@example.com,West Kimberlyberg,North Carolina,Belgium
Kristine,Chase,66,Male,lestersamantha@example.com,Leeshire,Georgia,Thailand
Julie,Wood,66,Female,kimberly53@example.org,New Amandatown,New York,Philippines
Shane,Lucas,40,Other,jeremylee@example.net,Myershaven,Iowa,Jordan
Johnathan,Patel,42,Male,desiree33@example.org,North Danielle,Colorado,Bahamas
Peter,Jackson,44,Other,stokesheather@example.net,West Jennifer,Hawaii,Turks and Caicos Islands
Kayla,Williams,70,Other,heatherburnett@example.com,East Tina,California,Cook Islands
Troy,Bailey,76,Other,eric65@example.com,Port Richard,Michigan,Nepal
Alan,Thomas,32,Male,kjacobs@example.net,Terryton,Delaware,Ecuador
Julian,Wilkinson,49,Other,fordtaylor@example.net,North Melvinfurt,Kansas,Romania
Donald,Swanson,34,Other,piercerenee@example.org,North Amandaland,Kansas,Poland
Thomas,Soto,69,Male,kristy99@example.org,Whiteville,South Dakota,Chad
Robert,Rodriguez,23,Other,ehuerta@example.net,Grayberg,Rhode Island,Nigeria
Michael,Keith,35,Other,charles26@example.org,Heatherborough,North Carolina,Jamaica
Sarah,Ward,70,Male,john04@example.net,South Laura,Oregon,Ukraine
Tricia,Smith,67,Female,ygarcia@example.org,New Kimberlyland,Tennessee,Tuvalu
Jacob,Flores,76,Other,spencermelissa@example.org,North Sabrinahaven,Georgia,Czech Republic
Samantha,Murphy,34,Male,duncandonna@example.net,Lake Yvonne,Delaware,Andorra
Nicholas,Murphy,33,Other,jeremy37@example.com,Davidtown,Pennsylvania,Guernsey
Patrick,Singleton,62,Male,lwilson@example.net,West Karenview,Minnesota,Libyan Arab Jamahiriya
James,Ramos,53,Other,garyrollins@example.com,Judyberg,Tennessee,Montenegro
Nancy,Cook,33,Male,fshields@example.org,South Johnfurt,Wyoming,Maldives
Matthew,Booker,56,Other,wbrown@example.net,New Jesse,Texas,Panama
Jerome,Thornton,62,Other,daniel65@example.org,South Jonathantown,Kentucky,Saint Vincent and the Grenadines
Beth,Moore,57,Female,ann24@example.org,Lake Deborah,Louisiana,Haiti
Robert,Acosta,22,Male,nmunoz@example.org,Samanthafurt,Kentucky,Niger
Eric,Acosta,69,Male,bakerdonna@example.org,Danielchester,Connecticut,San Marino
Amanda,Cantrell,50,Female,emilyalexander@example.net,North Allisontown,Wisconsin,Chile
Laura,Davenport,39,Other,fdavis@example.org,South John,Missouri,Bosnia and Herzegovina
Rachel,Gates,36,Male,qpatterson@example.com,Gonzaleschester,North Dakota,Turkey
Sheila,Barajas,75,Female,raymondingram@example.org,New Cynthia,Mississippi,Libyan Arab Jamahiriya
Joanne,Thomas,58,Male,morganjeremy@example.net,Nelsonville,Louisiana,India
Donna,White,20,Female,meltonnicole@example.net,Port Jessica,Idaho,Japan
Ashley,Brennan,70,Male,jenniferhernandez@example.com,Port Heidifurt,Minnesota,Philippines
Andrea,Park,55,Male,bobbyjones@example.net,East Stephanie,Kentucky,South Africa
Victor,Lopez,50,Female,clarkdonna@example.com,Morrisonfurt,North Carolina,Iraq
Kristina,Hawkins,56,Female,brianwilson@example.com,Kevinmouth,Wyoming,Syrian Arab Republic
Nicholas,Benson,72,Other,bryantdaniel@example.com,Kimshire,Rhode Island,Guernsey
Travis,Henderson,38,Female,margaret68@example.net,Emilyport,Louisiana,Kenya
Jessica,Armstrong,74,Female,reedchristopher@example.com,Cynthiaborough,New Mexico,Thailand
Joseph,Potter,45,Female,edward79@example.org,Brewerland,North Carolina,Faroe Islands
Amy,Wells,53,Female,saraphillips@example.net,Lake Theresaton,Montana,Ireland
Christopher,Martinez,60,Female,carlaayala@example.com,North Carmenview,Connecticut,Mongolia
Brandon,Murphy,66,Other,hpayne@example.com,Nguyenland,Oregon,French Guiana
Amber,Green,28,Female,mtaylor@example.com,East Amberport,California,Uzbekistan
Molly,Duran,73,Male,yrodriguez@example.net,New Anna,Tennessee,Morocco
Leslie,Garcia,80,Other,blancharddavid@example.com,Lake Michael,Iowa,India
Margaret,Park,65,Other,smithjerry@example.org,Port Anthony,Delaware,Iraq
Scott,Roy,56,Male,jeffrey77@example.com,Deborahbury,Maryland,Jersey
Thomas,Chavez,74,Male,anthony35@example.net,New Kathyberg,Iowa,Oman
Jennifer,Bell,48,Female,qperry@example.net,West Jeanchester,Kansas,Guinea-Bissau
Mark,Cole,71,Male,daniel64@example.com,East Makaylachester,Wyoming,India
Jessica,Hall,56,Male,aliciaconner@example.net,Jamiechester,Oregon,Monaco
Levi,Hodges,48,Other,katie98@example.com,Shanechester,Nebraska,Zambia
Patricia,Randall,72,Male,uchapman@example.org,Vickieside,Missouri,Mongolia
Angela,Jenkins,73,Female,thomas08@example.net,Johnsonburgh,Missouri,Guadeloupe
Nicole,Henson,28,Female,tannerdyer@example.org,Johnbury,Pennsylvania,Czech Republic
Lauren,Villegas,62,Other,johnsonjoshua@example.org,Rachaelmouth,North Carolina,Ecuador
Sylvia,Schwartz,48,Male,sdixon@example.net,New Kenneth,Massachusetts,Belarus
Zachary,Christensen,33,Female,jonessandra@example.com,North Royhaven,Nebraska,Solomon Islands
Donald,Phillips,54,Other,heather80@example.com,North Annaborough,Montana,Equatorial Guinea
Nicholas,Wilson,64,Female,carlamurphy@example.net,Josephchester,North Carolina,Panama
Crystal,Ramsey,41,Female,xclark@example.net,Wilsonport,Wyoming,Cuba
Zachary,Herman,29,Male,ramosanita@example.net,West Candace,Florida,Timor-Leste
Sandra,Bass,27,Other,christinajones@example.net,New Catherine,Oklahoma,Burundi
Dawn,Barker,25,Other,belldustin@example.com,Port Adambury,Michigan,Canada
Maurice,Scott,22,Male,stephen41@example.com,Brendaberg,Oklahoma,Northern Mariana Islands
Stacy,Barnes,74,Other,deborahhoward@example.org,West Kristiville,Kansas,Bulgaria
Katherine,Miller,41,Other,joy15@example.org,Hollychester,Montana,Croatia
Lindsey,Cook,60,Other,millercarrie@example.net,Patricktown,Illinois,Afghanistan
Kenneth,Branch,53,Male,mariaharris@example.org,West Jenniferview,Utah,United Kingdom
Angela,Huff,19,Other,kevincarrillo@example.org,Andrewsfort,Iowa,Afghanistan
Steven,Barker,19,Male,kathy22@example.com,Cindyton,Ohio,New Zealand
Kristin,Dixon,23,Male,hpena@example.com,South Paulamouth,West Virginia,Lithuania
Antonio,Simpson,59,Male,jessicarichardson@example.com,Port Kaitlyn,Alabama,Antarctica (the territory South of 60 deg S)
Tracy,Nash,59,Other,samuelthompson@example.com,East Zachary,Minnesota,Aruba
Dana,Shaw,21,Male,williamsjack@example.com,Charlesside,Maine,Mauritius
Daniel,Fox,23,Male,eduardodiaz@example.org,New Jenniferberg,Arkansas,Sudan
Diane,West,42,Other,andreakerr@example.net,Mariahaven,Missouri,Sao Tome and Principe
Elizabeth,Jackson,29,Other,emurray@example.org,Rogerchester,South Carolina,Mozambique
Eric,Cervantes,52,Male,joshuacastaneda@example.org,Harrisburgh,Indiana,French Guiana
Ashley,Anderson,30,Male,johnsonscott@example.com,Port Hannahside,Kentucky,Chad
Kristi,Lee,35,Female,xsmith@example.com,East Randall,Oklahoma,Morocco
Emily,Richards,80,Female,millerleslie@example.com,Port Matthew,Nebraska,Guernsey
Derrick,Ross,26,Male,sarah68@example.com,North Kyle,Delaware,Tunisia
Margaret,Mitchell,35,Other,jeremy31@example.com,Dudleyland,Nebraska,Croatia
Mike,Kirby,68,Female,morrisonelizabeth@example.net,South Benjaminport,Vermont,China
Jeffrey,Stafford,64,Male,owensmicheal@example.net,East Jessica,Alaska,Kuwait
Regina,Lopez,52,Female,bryan20@example.com,Lake Paul,Montana,Western Sahara
Anita,Garcia,36,Other,schultznicholas@example.net,North James,Maryland,Congo
James,Murphy,68,Other,charleswood@example.net,North Priscilla,California,Greenland
Pam,Frank,64,Female,jim03@example.org,Nicoleport,Maryland,Suriname
Madison,Long,25,Other,jeromegray@example.net,North Elizabethborough,Maryland,Luxembourg
Donna,Hughes,63,Male,davisjohn@example.com,West Melindatown,Maine,Libyan Arab Jamahiriya
Willie,Payne,71,Female,austin43@example.org,Derrickview,Massachusetts,Belgium
William,Horton,47,Other,adriennesolis@example.net,Kyleville,Washington,Malta
Brandon,Graham,45,Male,wilsonvictoria@example.net,South Pamela,Idaho,Argentina
Maria,Crawford,60,Male,joneskaren@example.net,Fieldsfurt,Kentucky,Uganda
Jacqueline,Johnson,40,Male,lindseykelly@example.net,Turnerfurt,Louisiana,San Marino
Juan,Hayes,58,Female,xyang@example.org,Jeanettemouth,Nebraska,Saint Vincent and the Grenadines
Linda,Gross,58,Other,reidkevin@example.net,Lake Katherine,Wisconsin,Israel
Seth,Hawkins,21,Male,aosborne@example.org,Bakerbury,Indiana,Montserrat
Melissa,Burns,73,Female,elliottdonald@example.org,North Cindybury,Nevada,Netherlands Antilles
Calvin,Cook,44,Male,erin14@example.org,Jennifertown,Tennessee,Poland
Jessica,Garrison,60,Male,qvasquez@example.net,New Jennifer,Virginia,Oman
Dalton,Obrien,33,Female,pnorris@example.org,Grahamburgh,Maine,Russian Federation
Robert,Gordon,59,Female,charles06@example.org,Miguelmouth,Tennessee,Oman
Christopher,Joseph,21,Other,keithjackson@example.org,East Tinamouth,Virginia,Slovenia
Mark,Patton,52,Female,bethmcfarland@example.com,South Carrie,Alabama,Niger
Samantha,Jennings,21,Other,wagnerelizabeth@example.com,Smithstad,Nebraska,Myanmar
Sarah,Cruz,19,Female,psnow@example.com,Patriciaville,Nevada,Monaco
Angela,West,55,Other,thomas71@example.org,Bryanfurt,Arkansas,Monaco
Theodore,Maxwell,27,Female,pwarren@example.org,South Brittanytown,North Carolina,Central African Republic
Barbara,Hayes,80,Other,nfreeman@example.org,South Brittanymouth,California,Liberia
Meghan,Thompson,80,Male,hollymorgan@example.net,East James,California,Fiji
Colleen,Hall,77,Male,debra07@example.net,Benjaminstad,Missouri,Martinique
Andre,Mendez,38,Female,rhonda52@example.com,East Dean,Massachusetts,Puerto Rico
Mallory,Hardin,62,Male,lisa35@example.net,Matthewview,Alabama,Eritrea
Justin,Wagner,71,Female,adamstaylor@example.net,Andreaborough,Wyoming,Denmark
Sally,Fields,38,Male,dianepage@example.org,Jessefort,Indiana,Estonia
Amy,Jones,64,Female,opowers@example.net,South Zachary,Maryland,Senegal
Christine,Cook,54,Other,jamesrogers@example.net,Levyside,Utah,Slovenia
Laura,Baxter,41,Male,romeroalexander@example.net,Loganfort,Wisconsin,Paraguay
Brian,Lewis,55,Male,james69@example.org,Port Gregorystad,Illinois,Lithuania
Jennifer,Copeland,41,Female,calvin91@example.net,Matthewfurt,Colorado,Ethiopia
April,Smith,74,Female,phillipsanthony@example.org,East William,Oregon,Belgium
Andrew,Gilbert,70,Female,yhernandez@example.net,North Brandon,Hawaii,Mexico
Shaun,Adams,30,Female,burkejanet@example.com,Chambersport,West Virginia,Netherlands Antilles
Alexander,Knight,47,Female,michael52@example.net,Keithbury,Vermont,Tokelau
Denise,Santiago,32,Male,margaret12@example.org,Port Robert,Missouri,Peru
Jennifer,Ball,38,Male,thompsonwilliam@example.net,New Kristen,Pennsylvania,Tunisia
Rhonda,Burns,78,Male,sabrina63@example.com,Youngshire,Kansas,Mozambique
Timothy,Reid,76,Other,aashley@example.com,Yvonneport,North Carolina,Zimbabwe
Mark,Kline,32,Other,wweber@example.com,Schmidtville,Utah,Palestinian Territory
Madison,Johnson,73,Male,meagan39@example.net,Port Davidland,Delaware,Liberia
Andrew,Diaz,47,Other,lisa44@example.org,New Sarahshire,Delaware,Korea
April,Jarvis,30,Male,clee@example.com,Hectorfurt,Maryland,Germany
Jennifer,Reed,51,Male,byrdjoshua@example.com,Murphymouth,Connecticut,Slovakia (Slovak Republic)
Janet,Petersen,63,Other,briansmith@example.com,South Fernandoton,North Dakota,Luxembourg
Jill,Buchanan,21,Other,garciaaaron@example.net,New Roychester,Louisiana,Tanzania
Matthew,Rivera,44,Other,hannahcummings@example.com,New Michael,Washington,Brazil
Tina,Chambers,26,Female,sonya34@example.net,Frankbury,California,North Macedonia
Jennifer,Smith,74,Male,christina23@example.com,Gonzalezstad,Tennessee,Maldives
Kelsey,Vincent,23,Male,patrickgabriel@example.com,Janicefurt,New Mexico,French Southern Territories
Kim,Marshall,52,Female,athompson@example.org,Lake Jessestad,Florida,Germany
Jacqueline,Hill,47,Female,andrewbarnes@example.net,Longport,New Hampshire,Turks and Caicos Islands
Olivia,Quinn,35,Male,nlin@example.com,East Michael,New Mexico,Peru
Joseph,Cruz,69,Female,durhamteresa@example.com,Hunterfort,Utah,South Africa
Michael,Valdez,58,Male,suttonkimberly@example.net,Youngland,Massachusetts,Haiti
Ashley,Henry,44,Other,donna90@example.com,South Jacob,Texas,Morocco
Tanya,Orozco,40,Male,combsstephanie@example.net,Phammouth,Rhode Island,Aruba
Elizabeth,Baker,63,Other,cody68@example.org,Port Amber,Oregon,United Arab Emirates
Amanda,Thompson,39,Male,merrittscott@example.com,Sierraview,Kentucky,Wallis and Futuna
Kyle,Huber,29,Other,kennethharris@example.net,Christinemouth,New York,Guadeloupe
Stephanie,Rowe,24,Other,jenniferstevens@example.net,Daniellefort,Florida,Malawi
Gary,Bond,64,Male,villadonald@example.org,East Stevenland,Connecticut,Turks and Caicos Islands
Christina,Williams,41,Female,emily05@example.net,South Darrellberg,Arizona,Northern Mariana Islands
Zachary,Chapman,59,Other,stevensdustin@example.org,Coxport,Oklahoma,Finland
Richard,French,75,Female,yvonneharvey@example.com,Carlsonport,Colorado,Korea
Samantha,Brewer,60,Other,pjones@example.com,Daviesville,Virginia,Tanzania
Cristina,Cardenas,58,Male,tmay@example.org,North Russell,Arkansas,Qatar
David,Pollard,57,Male,greencarrie@example.com,North Jesusbury,New York,Jamaica
Lisa,Nguyen,46,Male,martinjohn@example.org,Montgomeryborough,Montana,Belize
Shawn,Mitchell,23,Male,laurenfernandez@example.net,New Bryan,Nevada,United Kingdom
Joshua,Sanders,29,Female,holly52@example.net,Bettyberg,Texas,Hungary
Charles,Richardson,20,Other,jenniferfisher@example.net,West Robertfurt,Georgia,Bulgaria
Taylor,Whitehead,25,Female,timothywilson@example.net,Callahanside,Alaska,Liberia
Tara,Kline,77,Other,michael26@example.com,New Amyhaven,Idaho,Finland
Sue,Carter,59,Female,elizabethgarcia@example.net,Lisastad,Rhode Island,Morocco
Krista,Miller,29,Male,stephaniesanchez@example.com,Davidfurt,Arizona,Rwanda
Tina,Brown,38,Female,tamioneill@example.net,West Karen,South Carolina,Namibia
Zachary,Bryant,27,Male,anthony88@example.org,New Michael,Arkansas,Belgium
Dennis,Sutton,65,Male,michael10@example.org,North Jeffreyburgh,Nebraska,Togo
Robert,Cox,55,Male,shouse@example.org,Rebeccatown,Arizona,Cape Verde
Colin,Smith,24,Female,zshelton@example.com,Keithport,West Virginia,French Polynesia
Christian,Larson,47,Female,carterashley@example.com,Barryburgh,Virginia,Wallis and Futuna
Daniel,Solis,67,Other,jacksonjasmin@example.net,West Brianchester,Tennessee,Turkmenistan
Austin,Pierce,66,Male,emilybecker@example.com,East Frankmouth,Minnesota,Jordan
Lori,Hart,24,Male,adam86@example.com,Whitneymouth,Oregon,South Africa
Logan,Webb,26,Female,tstevenson@example.com,Gregoryport,New Jersey,Tonga
Gloria,Johnson,46,Male,millerrobert@example.net,Ryanfurt,Minnesota,Pitcairn Islands
Holly,Jimenez,72,Other,xpadilla@example.net,Andersonland,Minnesota,Kuwait
Savannah,Hammond,54,Other,johnhall@example.org,Lake Dannyview,Alaska,China
Danny,Williams,47,Other,hfrank@example.org,Thomasburgh,Iowa,Tanzania
Stephanie,Proctor,34,Female,pmathis@example.com,New Howard,Texas,El Salvador
Heather,Fowler,40,Female,nmorton@example.com,Benjaminborough,Wyoming,Northern Mariana Islands
Brittany,Davis,22,Female,smithwilliam@example.com,Holmesland,Arkansas,Canada
Michael,Lutz,20,Female,perkinsmichael@example.net,West Tara,Alabama,Chile
Michelle,Smith,27,Other,christine27@example.com,East Frankmouth,New York,Tanzania
Jesse,Flores,38,Female,lutzkathryn@example.org,Christineside,Virginia,Faroe Islands
Bradley,Williams,59,Female,ballanna@example.com,Bakermouth,Arkansas,Moldova
Andrew,Johnson,70,Male,salassherry@example.net,New Kaitlin,Indiana,Ireland
Robert,Wells,76,Other,mcdonaldwilliam@example.net,Alisonville,Maryland,Colombia
Shelly,Perez,40,Female,prestontanner@example.com,Lake Christineborough,Mississippi,Brazil
Erica,Guzman,76,Other,davidjuarez@example.net,Jennamouth,Rhode Island,India
Benjamin,Munoz,59,Other,beth93@example.net,Gordonmouth,Texas,Yemen
Karl,Armstrong,25,Male,davidlawson@example.org,Williammouth,Georgia,Sudan
Rachel,Ortiz,33,Other,davislisa@example.com,Sheilatown,Alaska,Ukraine
Juan,Bullock,18,Male,johnsonbrian@example.com,Michaelside,New York,Gabon
Matthew,Richards,41,Female,ericmason@example.net,East Douglasside,Ohio,Azerbaijan
Lisa,Bell,49,Female,helliott@example.net,Adriantown,New Mexico,Heard Island and McDonald Islands
Larry,Landry,67,Female,timothy45@example.com,North Maryfurt,Colorado,Malta
Austin,Campos,45,Female,bretthawkins@example.net,Jessicastad,Utah,Kenya
Steven,Costa,41,Other,delgadochristina@example.com,North Nathan,Idaho,Cayman Islands
Brandon,Phillips,22,Female,john63@example.org,New Randyport,South Carolina,Kiribati
Kevin,Cortez,28,Male,john62@example.net,Kimberlychester,Indiana,Tuvalu
Krystal,Richards,31,Male,francisco98@example.com,West Johnnyfurt,New Jersey,Turks and Caicos Islands
Julie,Avila,72,Male,kwalker@example.net,Jacquelinechester,Delaware,France
Richard,Lewis,57,Male,shanemyers@example.net,Lake Sophia,Florida,Yemen
Nicholas,Morgan,29,Other,itaylor@example.org,Rhodesfort,Nevada,Reunion
Christine,Martinez,44,Other,williamhill@example.net,Brandonstad,Vermont,Trinidad and Tobago
Jeffrey,Zimmerman,41,Male,uwest@example.com,Tuckerberg,Kansas,Germany
Blake,Tucker,48,Female,nsmith@example.com,Boydville,Arkansas,Cambodia
Jason,Keller,45,Female,brittanywilliams@example.org,East Amber,Michigan,Guyana
Juan,Smith,68,Other,paula91@example.org,East Laurahaven,Montana,Saint Lucia
Michael,Morgan,76,Other,patriciajackson@example.com,Port Keithport,Tennessee,Vanuatu
Ashley,Martinez,66,Other,longalan@example.com,Jamesport,Louisiana,Ireland
David,King,61,Male,kimberly41@example.org,Myersbury,Alabama,Mayotte
Suzanne,Miller,51,Other,amyjones@example.org,East Katherineport,South Dakota,Saint Vincent and the Grenadines
Willie,Everett,19,Female,zthompson@example.net,Port Andrew,Idaho,El Salvador
Tara,George,53,Male,carla62@example.org,South Juan,Washington,Belarus
Joshua,Thompson,37,Other,anthony35@example.com,Wallacemouth,New York,Egypt
Cassandra,Hicks,75,Female,ujimenez@example.com,Heatherville,Oregon,Martinique
Curtis,York,74,Other,bushkatie@example.net,Scottstad,Maryland,Jersey
Michael,Smith,18,Other,miamoses@example.org,Watkinsborough,Massachusetts,Gambia
Lori,Gilmore,67,Female,anthonywilliams@example.org,Jonchester,Washington,Papua New Guinea
Jordan,Thompson,27,Other,edwardsveronica@example.org,Hansonview,Georgia,Iceland
Thomas,Hoffman,18,Male,jacob24@example.net,Clarkeside,Virginia,British Indian Ocean Territory (Chagos Archipelago)
Shawn,Huang,75,Other,wmcmillan@example.org,Johnsonhaven,Vermont,Luxembourg
David,Ritter,45,Male,wharrington@example.com,Markhaven,West Virginia,Paraguay
Nicholas,Flores,76,Female,hatfieldgregory@example.org,New Kylemouth,Maryland,Vietnam
Stacy,Williams,60,Female,kellyrogers@example.org,Carlahaven,Delaware,Slovenia
Alexis,Mccoy,63,Other,mfisher@example.net,Port Jeffrey,Minnesota,United Arab Emirates
Lauren,Dawson,59,Other,bradley73@example.net,Jonesshire,Pennsylvania,Oman
Amy,Murphy,34,Other,connie05@example.org,Kyleside,Delaware,Guam
Erin,Johnson,70,Male,danielmckinney@example.com,Robinsonton,Alaska,Faroe Islands
Lisa,Walker,46,Male,justin92@example.net,Andreabury,Minnesota,Ethiopia
Andrew,Olson,77,Female,fernandezsusan@example.net,Jimmyshire,Hawaii,Comoros
Tracy,Phillips,50,Female,molinarandall@example.org,Michelleport,Idaho,Greenland
Lori,Avila,78,Female,barberrebecca@example.org,Walkertown,Montana,Guam
Kristine,Sanders,48,Male,sgould@example.com,Barrhaven,Nevada,Central African Republic
April,Alvarado,31,Other,jgreen@example.net,Melissamouth,Wyoming,Norfolk Island
Antonio,Simmons,63,Male,frenchdaniel@example.org,East Anita,North Carolina,Isle of Man
Steven,Day,54,Other,hayeskrista@example.com,Mercadoborough,Tennessee,Micronesia
Terri,Thomas,46,Other,derrick66@example.org,Stephensonborough,North Dakota,Australia
Cheryl,Lee,28,Other,brandy03@example.org,North David,Arizona,Kenya
Derek,Werner,49,Female,gary01@example.org,Perkinsmouth,South Dakota,Kazakhstan
Cody,Brown,57,Male,kelseygonzalez@example.net,Brendaberg,Kansas,Jersey
Angela,Warner,39,Female,clementsalice@example.org,Lake Robert,Louisiana,Turkmenistan
Patricia,Carney,58,Female,qhoffman@example.org,Gibsonton,Indiana,Algeria
Matthew,Montes,25,Male,cookrobert@example.net,Stevenshaven,North Dakota,Turkmenistan
David,Hurst,38,Male,alexarobinson@example.org,Coxmouth,Texas,Tajikistan
Richard,Robbins,60,Female,richardbrandy@example.com,Port Katelyn,Maryland,Greenland
Lori,Jones,21,Female,grantmarcus@example.org,Lake Janetport,Indiana,Peru
Rachel,Wilkerson,63,Male,andersongabriel@example.net,Rodriguezchester,New York,Luxembourg
Diane,Butler,77,Female,peter08@example.org,Davistown,Georgia,Montenegro
Marie,Miller,39,Other,igeorge@example.net,Wendyport,Arizona,Lithuania
Bryan,Wiggins,44,Other,joshua03@example.net,Nancyview,Indiana,Syrian Arab Republic
Victoria,Powell,35,Female,leedustin@example.org,Lake Brandonport,Minnesota,Marshall Islands
Timothy,Bradford,34,Other,jeffreycarpenter@example.org,East Beth,Idaho,Tuvalu
Stephanie,Guerra,23,Other,tammy08@example.net,Lynchburgh,North Carolina,Sweden
Emma,Johnson,38,Other,nicholasdelgado@example.com,Davisstad,Mississippi,Congo
Andrew,Ritter,62,Female,patrickwilliams@example.net,Port David,Pennsylvania,Cameroon
Samantha,Carlson,47,Female,woodsnicholas@example.com,East Jessicaberg,Iowa,Martinique
Natalie,Johnston,79,Female,kennethpayne@example.net,Port Joseph,North Carolina,Congo
Jason,Moses,77,Other,skinnerkenneth@example.com,Williamfurt,Montana,Egypt
Christopher,Reyes,36,Male,crystaljohnson@example.org,North Elizabeth,Delaware,Bouvet Island (Bouvetoya)
Sharon,Martin,63,Male,richard50@example.org,East Kayla,Ohio,United States of America
Eric,Flores,58,Female,ricekathy@example.org,South Michellefurt,California,Trinidad and Tobago
Diana,Robbins,37,Female,samantha36@example.com,Valerieberg,Oklahoma,Chad
Raymond,Brown,27,Male,walternavarro@example.com,Lake Christopher,Kansas,Nigeria
Lindsay,Cooper,32,Female,omueller@example.net,Lake Stephenton,North Carolina,Wallis and Futuna
Michelle,Lee,45,Male,kimberly06@example.net,East Matthew,Indiana,Saint Pierre and Miquelon
Troy,Gonzalez,40,Female,ymorris@example.net,Smithberg,Illinois,Afghanistan
Stuart,Tyler,77,Other,ericsmith@example.com,New Rebeccafort,North Carolina,Finland
Joe,Paul,67,Female,stephanieescobar@example.org,New Tylerfort,Kentucky,Saint Pierre and Miquelon
James,Gates,29,Female,ccarlson@example.org,Port Jacob,New Mexico,Eritrea
Amanda,Anderson,35,Other,kevin64@example.net,Estesberg,Nevada,Yemen
David,White,65,Other,jennifer29@example.net,Armstrongchester,Arizona,Saint Kitts and Nevis
Christopher,Hill,57,Male,drichardson@example.com,Aguilarhaven,Kansas,Japan
Timothy,Martin,72,Other,sbradley@example.net,East Karenmouth,Alaska,Spain
Shannon,Vasquez,44,Male,gregory90@example.net,Stephenborough,Pennsylvania,Guernsey
Caleb,Duncan,33,Male,ricekrista@example.net,Port Sarahtown,Indiana,French Guiana
Patricia,Sullivan,25,Female,sandovalbrett@example.org,Mikeview,Ohio,Micronesia
Jonathan,Byrd,24,Male,erik66@example.org,Martinezfurt,New Mexico,Cameroon
Joshua,Bell,30,Male,esmith@example.net,Tracymouth,North Dakota,British Indian Ocean Territory (Chagos Archipelago)
Linda,Wiggins,53,Female,lherrera@example.com,Laurenstad,Kansas,Morocco
Sheryl,Long,47,Other,christopherjohnston@example.net,Velezbury,Oklahoma,Guinea-Bissau
Clinton,Miller,45,Female,laurajackson@example.com,South Amandabury,New Jersey,Togo
Antonio,Warner,71,Male,benjaminmark@example.org,Brookeshire,Mississippi,Georgia
David,Miller,51,Male,robinanderson@example.net,New Alexisview,Montana,Taiwan
Chad,Wilson,75,Female,thomashenry@example.net,Kaylabury,Alabama,Senegal
Amy,Pratt,42,Male,lauramitchell@example.com,South Barbarahaven,Minnesota,Burkina Faso
Michelle,Williams,53,Other,lsimmons@example.net,Lake Don,New Hampshire,British Virgin Islands
Joseph,Berry,44,Female,joanna65@example.org,Lake Pamelaborough,Massachusetts,Djibouti
Dustin,Turner,56,Other,colleenbradley@example.net,Davidchester,Alaska,Malawi
Shelly,Farrell,80,Female,ycarrillo@example.org,East Jennifer,Alabama,Solomon Islands
Jamie,Rojas,58,Female,tamara01@example.com,Brookeberg,New York,El Salvador
Crystal,Bailey,70,Male,parksrebecca@example.net,Susanton,Michigan,Benin
Adam,Bolton,54,Male,brendamoses@example.com,Jenkinsview,Florida,Brunei Darussalam
Kathryn,Davis,28,Female,lewisbenjamin@example.net,Juanburgh,Montana,Martinique
Mary,Strickland,67,Other,porterdominique@example.com,Howardstad,Tennessee,Finland
Ronald,Singh,35,Other,carrie62@example.org,Lindsayborough,New York,Belize
Amy,Harris,72,Female,chenchad@example.org,Richardsonville,Rhode Island,Zimbabwe
Leah,Calderon,75,Male,hortontonya@example.org,West Douglas,Arizona,Guinea-Bissau
Dalton,Randall,52,Male,rodriguezjordan@example.com,Lake Taylor,California,Jersey
Wyatt,Sawyer,23,Other,meganporter@example.org,West John,South Carolina,Philippines
David,Allison,76,Other,robinsonjacob@example.com,Danielleport,Arkansas,Australia
Kimberly,Sims,37,Male,david73@example.org,South Daniel,North Carolina,Peru
Steven,Flowers,55,Female,pboyle@example.net,Bartonport,Nevada,Western Sahara
Allen,Martin,48,Male,cjackson@example.net,Port April,North Carolina,Norfolk Island
Stephen,Watson,35,Female,gary76@example.net,Aaronside,North Carolina,Cook Islands
Wesley,Pierce,33,Male,murrayronald@example.org,Walkerstad,Michigan,Jamaica
Susan,Werner,18,Female,kelly80@example.org,Mercadoburgh,Arizona,Tonga
William,Perez,70,Male,kennethpennington@example.org,Lake Michael,Washington,Cyprus
Michelle,Solis,35,Female,angelaharris@example.org,Lake Brandyton,New Mexico,Chile
Gloria,White,60,Other,robertmorris@example.net,Port Joshua,North Carolina,Slovenia
Andrea,Thomas,46,Female,petersphillip@example.net,Tammyland,Colorado,Guyana
Bryan,Patton,35,Male,dcampos@example.net,Stewartmouth,Washington,Portugal
Bryan,Ramirez,20,Female,burkesamuel@example.org,Munozside,Idaho,Grenada
Susan,Lowe,55,Other,longray@example.com,Seanfurt,Iowa,Liberia
Mary,Chandler,62,Male,sarahperez@example.net,Rhodesburgh,Nebraska,San Marino
Sean,Joseph,73,Female,jesus99@example.org,Port Timothy,Hawaii,Taiwan
Michelle,Hill,59,Female,moorerachel@example.org,Colinview,Colorado,Vanuatu
Mark,Russell,74,Other,jacksonheather@example.org,Stephanieville,Utah,Puerto Rico
Catherine,Delgado,21,Other,bryantcurtis@example.com,Gillstad,Hawaii,Greece
Lisa,Mckenzie,43,Male,randyturner@example.net,Kaylaville,Hawaii,Paraguay
Julie,Green,70,Female,burkemichael@example.org,Watsonton,South Carolina,Czech Republic
Joshua,Dickerson,41,Other,anna66@example.org,Charlesview,Hawaii,Russian Federation
Jason,Hernandez,72,Male,douglasheather@example.org,East Rebeccaton,Virginia,Sierra Leone
Tony,Montgomery,36,Other,foxsarah@example.net,Davisport,Rhode Island,Kazakhstan
Robert,Cooper,72,Male,douglascarter@example.com,Emmamouth,South Dakota,Guinea-Bissau
Terri,Roberson,80,Male,syang@example.com,Jasonmouth,Colorado,Congo
Zachary,Yu,43,Male,perkinseric@example.net,West Jennifer,Pennsylvania,Paraguay
William,Manning,19,Other,eperez@example.org,Lake Patrick,New York,Sri Lanka
Patricia,Torres,51,Other,jbrown@example.org,South Helenside,South Carolina,Malta
Maria,Stephens,32,Female,antonio00@example.org,Lake Claudia,Pennsylvania,Georgia
Angela,Ross,67,Male,charles38@example.com,West Steven,New Jersey,Cameroon
Jocelyn,Turner,42,Female,qstone@example.org,West David,Arizona,Trinidad and Tobago
Christopher,Mullins,67,Male,jeremymayer@example.com,Youngside,Iowa,Somalia
Stephen,Gray,38,Other,cortezdean@example.net,Lake Bettymouth,Oregon,Poland
Anthony,Kim,66,Female,pricealexandra@example.net,North Michael,Arizona,Chile
Tracey,Blackburn,19,Other,jamesandrade@example.net,Williamborough,Pennsylvania,Comoros
Brenda,Williams,46,Other,kevin97@example.org,Amandamouth,Connecticut,Italy
Wesley,Moss,72,Other,adiaz@example.org,New Mark,North Dakota,Paraguay
Julie,Lawrence,77,Male,walshchristopher@example.com,Murphyfurt,Alaska,Rwanda
Patricia,Adams,19,Other,gregory38@example.net,Tuckerfurt,Rhode Island,China
Kristen,Walsh,60,Male,paguirre@example.org,East Michael,Alabama,Bahamas
Jennifer,Smith,56,Male,mlove@example.org,North Zacharymouth,Montana,Heard Island and McDonald Islands
Charles,Gibbs,80,Female,james25@example.org,Port Linda,Arizona,Puerto Rico
Kathryn,Villarreal,25,Female,stephensgail@example.org,Gregoryville,Michigan,Kenya
Devin,Rose,64,Male,fthomas@example.net,New Ericton,Minnesota,Netherlands
Karen,Colon,50,Other,christopher04@example.com,Port Carlaview,New Mexico,Tuvalu
Ryan,Rivera,19,Male,sydney25@example.net,North Monicastad,Iowa,Sao Tome and Principe
Annette,Mccoy,66,Female,montgomeryshelley@example.com,South Jerome,Alaska,Algeria
Jessica,Diaz,37,Female,joshuabenjamin@example.com,East Tom,Oregon,Samoa
Tammy,Ruiz,20,Other,itaylor@example.net,Hessmouth,Michigan,Puerto Rico
Kevin,Park,37,Female,bmyers@example.org,South Debbieburgh,Missouri,Burundi
Ryan,Hanson,38,Other,brownmatthew@example.net,East Kimberly,South Dakota,New Caledonia
Rebecca,Meyer,33,Male,mataelizabeth@example.org,East Williamview,Utah,Ghana
James,Nicholson,78,Male,jenniferthomas@example.org,North Anthony,Connecticut,San Marino
Elizabeth,Lam,74,Female,kmartin@example.org,West Maryfort,Kentucky,Monaco
Renee,Hancock,23,Female,simpsonlaura@example.org,Marvinbury,Oklahoma,Kiribati
Daniel,Taylor,45,Female,corydavis@example.org,New Heatherberg,Maine,Tajikistan
Monique,Benitez,76,Male,nicole16@example.com,South Cynthia,Colorado,Ghana
Gary,Smith,37,Male,denise45@example.net,Amandafort,Montana,El Salvador
Brittany,Fleming,73,Male,rmahoney@example.org,New Kimberly,Arkansas,Nicaragua
Richard,Lopez,24,Male,michael25@example.com,Colleenfort,Arkansas,Palau
James,Clark,48,Male,alicia75@example.net,East Stephenchester,Minnesota,Togo
Bradley,Hughes,46,Other,shelbymiller@example.org,Robertbury,Montana,Brazil
Angela,Bishop,36,Female,shortlatoya@example.net,Sharonshire,Maryland,Norway
William,Allen,70,Other,lorigutierrez@example.org,East Annaberg,Oregon,Belize
Carolyn,Mendoza,70,Female,hallmatthew@example.com,Lake Dana,Florida,Korea
Patricia,Miller,37,Male,luis06@example.com,North Christopherville,Oregon,Gabon
Kristina,Tyler,34,Male,roy07@example.com,West Colinburgh,Wyoming,French Southern Territories
Nicole,Goodwin,29,Female,jason35@example.net,Nicholasfurt,Arizona,Timor-Leste
Terrence,Lewis,25,Female,kathleen85@example.org,Manningborough,Pennsylvania,Marshall Islands
Gary,Campbell,37,Other,berrysusan@example.net,North Lisafort,Hawaii,Micronesia
Sarah,Stewart,21,Other,nicholasjohnston@example.com,Hollybury,Alabama,Korea
Edward,Cole,51,Male,nicolehenry@example.com,New Brandon,Indiana,Christmas Island
Amy,Gonzalez,62,Male,vpage@example.com,New Shawnaland,Oklahoma,Panama
Frank,Graham,80,Other,cynthia21@example.com,Andersonview,North Dakota,Gibraltar
Emily,Hood,32,Female,xlopez@example.com,East Cynthia,Wisconsin,Andorra
Zachary,Vega,30,Other,perryjack@example.com,Mcneilhaven,California,Russian Federation
Mary,Crane,45,Female,martinezcharles@example.org,Richardsshire,Wisconsin,Cuba
Patrick,Brown,53,Male,christopher58@example.org,New Travis,Michigan,Antigua and Barbuda
Steven,Garcia,31,Female,derrickwhite@example.net,Francobury,Minnesota,Vietnam
Robert,Decker,72,Other,robertserica@example.org,Port Adrian,Nebraska,South Africa
Chad,Morrison,79,Female,rgreen@example.net,West Tiffanytown,Delaware,Switzerland
Jonathan,Brooks,51,Male,bsmith@example.net,Thomasville,Louisiana,Belarus
Laurie,Hall,20,Female,rojastamara@example.org,Blackwellmouth,Hawaii,Botswana
Joseph,Martin,24,Female,emily76@example.org,Gordonshire,West Virginia,Saint Martin
Jimmy,Wright,34,Female,johncox@example.com,Sanchezberg,Oklahoma,Guyana
Daniel,Moss,41,Female,joshua50@example.net,Heatherburgh,South Dakota,Tokelau
Molly,Castillo,53,Male,ijennings@example.com,North Nathanton,Texas,Nepal
Cody,Sanchez,66,Male,pharris@example.net,New Blakemouth,Oklahoma,Lithuania
Michael,Wilson,26,Female,bobmorgan@example.net,Robertobury,Alaska,Bulgaria
Mindy,Cruz,46,Male,bobby95@example.org,Smithport,Massachusetts,Northern Mariana Islands
Tammy,Taylor,30,Male,kimberly66@example.org,New Christine,Indiana,Sweden
Ashley,Cherry,18,Female,powellkaren@example.com,Lisaport,Colorado,Algeria
Lori,Wong,51,Male,lisatodd@example.net,Beckport,Georgia,El Salvador
James,Novak,39,Other,wwoodward@example.org,Marymouth,Texas,Barbados
David,Hall,62,Other,david36@example.com,East Morgan,South Carolina,Bouvet Island (Bouvetoya)
Rachael,Moore,24,Other,stonekaren@example.com,Brownton,Minnesota,New Zealand
Robert,Mitchell,40,Male,sean28@example.org,Lake Veronicashire,Virginia,Lao People's Democratic Republic
Amy,Miller,68,Female,donaldmurillo@example.net,Rollinsstad,Idaho,Guatemala
Deborah,Moran,45,Other,jonathanwashington@example.net,Steeleborough,Rhode Island,Croatia
Tyler,Miller,46,Other,erinrobinson@example.org,South Troybury,Oregon,Slovenia
James,Christian,65,Male,martinezmary@example.net,South Richard,Louisiana,Guinea-Bissau
Steven,Wallace,67,Other,prandolph@example.com,East Sarah,South Carolina,Fiji
Alan,Farrell,72,Female,clairebutler@example.net,Perryshire,Massachusetts,Brazil
Nicole,Medina,73,Female,jonathancross@example.org,South Samanthaburgh,Georgia,Serbia
Jill,Mclaughlin,68,Female,martha95@example.net,Jasonville,Minnesota,Guatemala
David,Wilson,24,Other,david30@example.net,North Billyside,South Carolina,Cape Verde
Justin,Morris,74,Male,taylorheather@example.com,Walkerburgh,Kentucky,Antarctica (the territory South of 60 deg S)
Sandra,Carpenter,54,Other,brittany56@example.org,New Bryan,Delaware,Montenegro
Jennifer,Sanders,28,Female,megan45@example.org,Michaelfort,Missouri,Slovakia (Slovak Republic)
Courtney,Horne,44,Other,bbates@example.org,Ashleyview,New Mexico,Cameroon
Brian,Cox,21,Male,fjohnson@example.net,Andrewfort,Louisiana,Moldova
Robert,Armstrong,49,Female,xwebb@example.net,Ericview,Idaho,Paraguay
Douglas,Thomas,33,Other,bryantsusan@example.net,North Martha,Vermont,Switzerland
Vincent,Merritt,51,Other,matthew05@example.net,Susanport,New Hampshire,Czech Republic
Courtney,Cohen,56,Other,ronald60@example.net,New Jesusside,Maine,Solomon Islands
Larry,Perez,18,Female,rtodd@example.com,Averytown,North Carolina,Georgia
Matthew,Dillon,80,Male,regina25@example.com,South Elizabeth,California,Congo
Derrick,Scott,44,Other,christinaglenn@example.net,Waltonshire,Arizona,Guinea-Bissau
Keith,Gordon,41,Other,garciabobby@example.com,Anthonymouth,Pennsylvania,France
Daniel,Baird,21,Other,dawnstevens@example.org,Marquezburgh,Washington,Qatar
Laura,Rodriguez,49,Other,kathleen21@example.org,East Dana,Arizona,Antigua and Barbuda
Jackie,Briggs,59,Female,lauren66@example.net,South Christineberg,Nevada,Pakistan
Nathaniel,Elliott,56,Male,msmith@example.com,New Stephenmouth,Texas,China
Jeremy,Porter,23,Male,tcarson@example.org,West Andrewshire,South Dakota,Malta
April,Roberts,46,Other,allison60@example.org,North Wendy,South Carolina,Romania
Carla,Bell,53,Male,christine67@example.net,Mckinneybury,Maine,Holy See (Vatican City State)
Michael,Hughes,33,Female,lawsonstacey@example.com,Barronton,Ohio,Nigeria
Mark,Phillips,28,Female,amanda18@example.net,Lake Williamfurt,Nebraska,New Zealand
Kristin,Torres,32,Other,myerspatrick@example.net,Lake Candiceview,Minnesota,Vietnam
Justin,Huff,55,Other,gregoryhumphrey@example.com,Jessicaport,Wyoming,Eritrea
Daniel,Blair,46,Male,alexisarmstrong@example.net,Garciaside,Arizona,South Africa
Christopher,Pierce,67,Female,prestonjones@example.net,South Breanna,Mississippi,Bulgaria
Peter,Garcia,32,Other,matthewwinters@example.org,Catherinestad,Alaska,Congo
Juan,Lee,80,Male,jweber@example.com,Martinezview,Illinois,Western Sahara
Ryan,Ellis,27,Other,smithsteven@example.net,North Ashleyville,South Carolina,French Guiana
Kevin,Ramirez,44,Female,inixon@example.com,Jamesborough,Washington,Chile
Dean,Gardner,35,Male,salinasmatthew@example.com,Markmouth,North Dakota,Sierra Leone
William,Knox,61,Other,nguyenmarissa@example.net,Port Rachelchester,Georgia,Saint Vincent and the Grenadines
Heidi,Jensen,63,Male,baileyjennifer@example.net,South Alexandra,Nebraska,Oman
Shawn,Davidson,24,Female,johnsonmichele@example.net,West Christian,Virginia,Canada
Luis,Black,69,Male,jmoore@example.com,West Maryfurt,California,Pakistan
Michael,Horne,51,Female,blankenshipmary@example.org,North Michaelberg,North Carolina,China
Troy,Obrien,80,Other,ffields@example.org,Jenniferborough,Maine,Burundi
Cody,Morrison,27,Female,abbottkaren@example.net,East Rebecca,Louisiana,Tokelau
Bryan,Mcguire,34,Other,kathryn90@example.com,New Chloe,Hawaii,Marshall Islands
Brian,Dalton,38,Other,jessicahartman@example.com,Coxside,Indiana,Marshall Islands
Dustin,Rodgers,28,Female,christopher85@example.com,Johnsonhaven,Nevada,United Kingdom
Howard,Parrish,74,Other,keith90@example.org,Joshuaview,Virginia,Syrian Arab Republic
Matthew,Ford,72,Male,chelsea97@example.com,Lake Pamelastad,Iowa,Chad
Samuel,Lambert,70,Other,ydean@example.net,Huntstad,Connecticut,Honduras
Christopher,Herrera,60,Other,dudleyjesse@example.org,Lake Jessica,Vermont,French Guiana
Paula,Hobbs,29,Male,bowersdenise@example.org,West Susan,Rhode Island,Spain
Lisa,Carter,70,Female,howecasey@example.net,New Elizabeth,Nebraska,Namibia
Anita,Anderson,74,Male,denise47@example.org,Josephberg,Arizona,Palau
Heather,Mclean,44,Male,wadeshannon@example.com,Kathleenstad,Kansas,Sweden
David,Bender,44,Male,omorales@example.com,Parkburgh,Utah,Syrian Arab Republic
Shaun,Brandt,60,Other,vwolf@example.com,Daviston,New Mexico,Guyana
Wanda,Watts,61,Female,acrawford@example.org,West James,Arkansas,Afghanistan
Courtney,Miller,33,Other,salasandrew@example.org,Moralesville,Illinois,Northern Mariana Islands
Lori,Simmons,43,Male,tinamiller@example.com,Port Kellyport,Massachusetts,Marshall Islands
Michele,Reed,52,Other,taylor49@example.org,Christopherchester,Oklahoma,Samoa
Zachary,Brown,28,Other,nsullivan@example.com,Manningstad,Kansas,Chile
Dustin,Waters,69,Other,brandycortez@example.org,North Kevin,Arizona,Kiribati
Shannon,Barr,76,Female,glenescobar@example.com,Lake Kimberlyton,North Carolina,Reunion
Cynthia,Adams,21,Other,mezarobert@example.com,Evelynstad,North Carolina,Solomon Islands
Nathaniel,Osborn,50,Other,evansjohn@example.com,Port Carol,Kentucky,Moldova
Phillip,Adams,28,Female,derekbeck@example.com,South Ashley,Maine,Grenada
Justin,Garcia,55,Male,troy05@example.com,Hollyfurt,Minnesota,Equatorial Guinea
Brian,Harris,30,Male,riceamanda@example.org,South Kimberly,Michigan,British Virgin Islands
Barbara,Lawrence,20,Female,andersonlisa@example.org,Paulahaven,North Carolina,Kuwait
Joshua,Owens,54,Female,ylopez@example.org,Port Amyland,Oregon,Guatemala
Emily,Randall,37,Other,elizabethmyers@example.com,Julieland,North Carolina,Montserrat
Holly,Tucker,37,Male,jessica93@example.net,South Michaelside,New Jersey,New Zealand
Troy,Garcia,75,Male,raymondcummings@example.org,Lake Elizabethfurt,Arizona,Lithuania
Jessica,Grant,32,Female,qchambers@example.com,North James,Alabama,Jordan
Danny,Lopez,30,Other,sturner@example.com,Danielmouth,Colorado,Thailand
Amanda,Jones,56,Male,royhall@example.org,Williamshaven,Arkansas,Russian Federation
Laura,Phillips,36,Other,katiemichael@example.com,North Jamietown,Oregon,Belgium
Cheryl,Adams,21,Male,davidjohnson@example.com,Huffmanstad,Oklahoma,Spain
Rebekah,Guerrero,54,Male,dominguezmary@example.com,Port Timothy,Arizona,Antigua and Barbuda
Christopher,Robinson,19,Male,ramosanthony@example.com,Popetown,Georgia,Venezuela
Kathryn,Marks,70,Other,brandon42@example.net,North Lisa,South Carolina,Gabon
Crystal,Andrews,31,Other,heather91@example.net,Johnmouth,Nevada,Samoa
William,Mullins,31,Female,ntaylor@example.com,Port Diane,Minnesota,Grenada
Sandra,Baker,52,Female,elee@example.com,Reyeshaven,Maine,South Africa
Kelly,Sanchez,27,Female,edwardsjared@example.com,Richardsside,West Virginia,Germany
Jamie,Smith,41,Other,bakerdouglas@example.org,Sandersmouth,Hawaii,Suriname
Nicole,Love,33,Male,wooddana@example.org,Robertmouth,Utah,Wallis and Futuna
Nicole,Villa,54,Male,michael54@example.org,Port Jenniferchester,Kansas,Senegal
Ashley,Murray,74,Other,michellefernandez@example.org,Garrettview,Mississippi,North Macedonia
Michael,Mann,67,Other,melissa91@example.com,North Michelle,West Virginia,Heard Island and McDonald Islands
Miguel,Campbell,21,Female,jillianjohnson@example.net,Andersonshire,Tennessee,Sierra Leone
Marie,Long,40,Female,thomasanthony@example.org,East Jacquelinefort,Montana,Trinidad and Tobago
Lori,Silva,51,Female,alexanderalexander@example.org,Strongport,Oregon,Cook Islands
Megan,Phillips,63,Other,frederick75@example.net,West Kimberly,New Jersey,Solomon Islands
William,Cohen,19,Female,laurenforbes@example.com,Mistytown,Michigan,Sao Tome and Principe
James,Nolan,25,Female,erocha@example.net,Johnchester,Minnesota,Niue
Kevin,Ramirez,43,Female,lbarrett@example.net,Hernandeztown,Arkansas,Georgia
Andrew,Fox,50,Male,alexandercochran@example.com,Port Leahtown,Minnesota,Nicaragua
Mikayla,Floyd,20,Other,opoole@example.com,Lake Adam,Virginia,Israel
Michael,Ray,20,Female,claytonho@example.net,East Paulchester,Nevada,Bhutan
Carl,Pollard,47,Female,staceykim@example.org,West Jennifer,New Mexico,Puerto Rico
Timothy,Hill,47,Female,jennifer81@example.net,East Juliechester,South Dakota,Iceland
Adrian,Mendoza,28,Male,josephacosta@example.org,North Catherine,New Jersey,Turks and Caicos Islands
Crystal,Flores,49,Male,vcaldwell@example.org,Juliehaven,Florida,Heard Island and McDonald Islands
Martin,Duarte,75,Male,mhunter@example.org,South Daniel,Hawaii,Svalbard & Jan Mayen Islands
Rachel,Thomas,64,Female,alvarezkelly@example.com,Lindseytown,Kentucky,Sao Tome and Principe
Thomas,Rodriguez,57,Other,luisjones@example.com,Rebeccafurt,Wisconsin,Iraq
Mallory,Ramirez,30,Other,jessejohnson@example.com,West Kevinton,Alaska,Cayman Islands
Alejandro,Watson,78,Female,gregory08@example.com,Justinhaven,Rhode Island,Lebanon
Craig,Short,30,Female,frostmary@example.org,South Ashleyton,Nebraska,Equatorial Guinea
David,Spencer,26,Other,dunnashley@example.net,South Lisa,Florida,Jersey
Amanda,Bright,41,Female,robin93@example.com,East Robinfort,Connecticut,Eritrea
Aaron,Kennedy,61,Male,paula08@example.net,North Joannville,New Mexico,Italy
Alicia,Davies,79,Female,mwelch@example.com,Edwinshire,Michigan,Holy See (Vatican City State)
Jessica,Cooper,51,Other,melissaharrison@example.net,North Eriktown,Arkansas,Suriname
Frank,Fisher,51,Other,barbarapalmer@example.org,Port Jenniferfurt,Connecticut,Saint Barthelemy
Danielle,Cunningham,79,Male,ambersolomon@example.com,Kimberlyton,Maryland,Martinique
Nicole,Adams,40,Other,meghan56@example.com,South Laurenhaven,Alabama,Costa Rica
Annette,Rios,46,Female,bailey31@example.com,West Christinafort,Nevada,Netherlands Antilles
Thomas,Lewis,52,Female,angela15@example.net,Randolphhaven,Maryland,Tonga
Tonya,Novak,59,Other,qritter@example.com,Thomashaven,New Jersey,Cyprus
Kelly,Dennis,38,Other,gabriella45@example.net,Matthewshire,Hawaii,Armenia
Susan,Smith,35,Male,collinscharles@example.com,Longfurt,California,Bangladesh
Michelle,Vaughn,77,Male,shernandez@example.org,West Wendy,New Hampshire,Egypt
Nathan,Lopez,73,Female,burnetterik@example.net,Adamsshire,Arizona,Korea
Andrew,Goodman,24,Female,caroline27@example.org,Jamesshire,Alabama,Nauru
Phillip,James,21,Other,joshua70@example.com,New Billymouth,Washington,Colombia
Kelly,Nelson,78,Female,collinspamela@example.net,West Gloriashire,Mississippi,Trinidad and Tobago
Ronald,Hall,70,Other,nathanproctor@example.net,Port Stacy,New Mexico,Anguilla
Luis,Barnett,69,Other,carrollzachary@example.org,Leeborough,Arizona,Eritrea
Kathryn,Jensen,32,Other,robert50@example.org,Port Julieburgh,North Carolina,Guernsey
Joy,Simpson,46,Female,kjohnson@example.com,Lisashire,Montana,Brunei Darussalam
Johnathan,Gutierrez,36,Male,johnsonmatthew@example.com,Colemanstad,California,Belarus
Rebecca,Scott,60,Male,susan61@example.org,Matthewborough,Virginia,Gibraltar
Omar,Cruz,52,Male,holly84@example.net,Rachelview,Idaho,Malaysia
Michelle,Jones,31,Female,dmaldonado@example.net,East James,South Carolina,British Indian Ocean Territory (Chagos Archipelago)
Matthew,Thomas,44,Other,danabecker@example.org,Daniellemouth,Louisiana,United States Virgin Islands
Caleb,Villanueva,74,Male,brennanashley@example.net,Brandonshire,Louisiana,New Zealand
Alan,Brooks,51,Female,qmorrow@example.com,North Alexandermouth,New York,Saint Pierre and Miquelon
Richard,Gomez,19,Female,paulasaunders@example.org,East Carolyn,Connecticut,Dominica
Megan,Parks,27,Female,nathanblack@example.com,Port Laurenview,Alabama,Armenia
Timothy,Martinez,67,Other,benjamin13@example.net,West Alan,North Dakota,Saint Lucia
Jason,Nichols,37,Other,usimpson@example.net,West Desireechester,Montana,Honduras
Brad,Edwards,67,Other,leonardsmith@example.com,South Reneeville,North Dakota,Cameroon
Stephanie,Powell,50,Other,gwilliams@example.org,South Angelahaven,California,Netherlands Antilles
Susan,Long,75,Other,derrick97@example.com,Feliciabury,Louisiana,Chile
Richard,Robertson,67,Male,scottdavis@example.com,Vaughnbury,Wisconsin,Swaziland
Olivia,Taylor,74,Male,tpratt@example.com,Vanessastad,Oklahoma,Netherlands
Duane,Adkins,56,Male,stephanie09@example.net,Branchburgh,Nevada,Samoa
Ashley,Graham,47,Other,kristen92@example.org,North Jasonfort,North Dakota,Cote d'Ivoire
Russell,Castaneda,35,Male,youngcynthia@example.net,Diazton,New Mexico,Palau
Brittany,Watts,43,Other,umartin@example.net,West Chaseside,Oklahoma,Costa Rica
Kari,Walton,48,Male,davidgutierrez@example.net,Lake Erinmouth,Utah,Kiribati
Allen,Long,28,Other,angela93@example.net,Peggychester,Kentucky,Montserrat
Garrett,Meza,43,Other,daniel29@example.net,East Kyle,Maine,Seychelles
Michael,Smith,77,Other,oreilly@example.com,South Danielle,Florida,Martinique
Raymond,Gilbert,44,Other,kmarks@example.org,Millerburgh,Montana,Brazil
Michelle,Moody,21,Male,frosario@example.com,East Cynthia,New Mexico,Singapore
Patty,Howard,19,Male,eric87@example.net,East Anthony,Washington,Seychelles
Keith,Barnes,26,Other,mcmillanaaron@example.org,Jessicashire,Iowa,Libyan Arab Jamahiriya
Ricardo,Mckinney,55,Female,mccormickchristina@example.org,Lake Dylanville,Ohio,Philippines
William,Jordan,67,Other,kmoreno@example.com,Lake Brandon,Montana,Gibraltar
